loc,province,var,label,unit,per_decade,lo,hi,p,baseline,recent10,change_pct,sig
Eastern,Eastern,tmean,Mean temperature,°C,0.0557,-0.08,0.2232,0.532,21.1776,21.0258,-0.7168,not significant
Eastern,Eastern,tmax,Maximum temperature,°C,0.4083,0.2936,0.5579,0.0,26.1656,27.0231,3.2773,significant (p<0.05)
Eastern,Eastern,tmin,Minimum temperature,°C,-0.0025,-0.1291,0.1457,0.9434,16.5656,16.2443,-1.9398,not significant
Eastern,Eastern,rain,Annual rainfall,mm,-6.1,-37.0833,30.84,0.7873,801.88,791.66,-1.2745,not significant
Eastern,Eastern,hot,Extreme-heat days,days,3.3333,1.8182,5.0,0.0001,3.7333,22.9,513.3929,significant (p<0.05)
Eastern,Eastern,tx90,Hot days (above local P90),days,22.1053,16.1538,30.0,0.0,32.6667,90.9,178.2653,significant (p<0.05)
Eastern,Eastern,r20,Heavy-rain days,days,0.3571,0.0,0.6667,0.0087,0.9333,1.8,92.8571,significant (p<0.05)
Eastern,Eastern,cdd,Longest dry spell,days,-2.1429,-9.2,3.6364,0.4951,54.5667,49.7,-8.9188,not significant
Eastern,Eastern,et0,Evapotranspiration (ET₀),mm,25.3409,7.3423,42.7739,0.014,1473.8097,1538.735,4.4053,significant (p<0.05)
Eastern,Eastern,drought_m,Drought months,months,0.0,0.0,0.6897,0.2748,1.9667,2.2,11.8644,not significant
Kigali,Kigali,tmean,Mean temperature,°C,0.1589,0.0547,0.2455,0.0119,20.0659,20.2903,1.1181,significant (p<0.05)
Kigali,Kigali,tmax,Maximum temperature,°C,0.4579,0.3226,0.6073,0.0,25.2566,26.3006,4.1334,significant (p<0.05)
Kigali,Kigali,tmin,Minimum temperature,°C,0.125,0.0187,0.2008,0.0343,15.0195,15.1824,1.0846,significant (p<0.05)
Kigali,Kigali,rain,Annual rainfall,mm,12.75,-24.9677,59.0952,0.5414,814.47,825.89,1.4021,not significant
Kigali,Kigali,hot,Extreme-heat days,days,0.0,0.0,0.9091,0.0005,1.0,8.2,720.0,significant (p<0.05)
Kigali,Kigali,tx90,Hot days (above local P90),days,26.129,17.5,35.625,0.0,34.8667,103.4,196.5583,significant (p<0.05)
Kigali,Kigali,r20,Heavy-rain days,days,0.625,0.0,1.0526,0.0046,1.0667,2.4,125.0,significant (p<0.05)
Kigali,Kigali,cdd,Longest dry spell,days,-7.037,-14.0,0.0,0.0962,62.1333,48.9,-21.2983,not significant
Kigali,Kigali,et0,Evapotranspiration (ET₀),mm,15.0167,-0.44,30.3714,0.1085,1438.1957,1487.215,3.4084,not significant
Kigali,Kigali,drought_m,Drought months,months,0.0,0.0,0.0,0.7998,1.9667,2.0,1.6949,not significant
Northern,Northern,tmean,Mean temperature,°C,0.277,0.1991,0.3696,0.0,16.3816,16.9448,3.4378,significant (p<0.05)
Northern,Northern,tmax,Maximum temperature,°C,0.5425,0.3891,0.6556,0.0,20.6661,21.9366,6.1476,significant (p<0.05)
Northern,Northern,tmin,Minimum temperature,°C,0.18,0.1095,0.2747,0.0004,12.4054,12.7468,2.752,significant (p<0.05)
Northern,Northern,rain,Annual rainfall,mm,-37.3182,-88.0,13.4615,0.2385,1393.3433,1265.43,-9.1803,not significant
Northern,Northern,hot,Extreme-heat days,days,0.0,0.0,0.0,,0.0,0.0,,not significant
Northern,Northern,tx90,Hot days (above local P90),days,31.6667,20.0,43.3333,0.0,35.2,131.9,274.7159,significant (p<0.05)
Northern,Northern,r20,Heavy-rain days,days,0.8333,0.0,1.5385,0.0866,5.3667,7.4,37.8882,not significant
Northern,Northern,cdd,Longest dry spell,days,-5.0,-10.4545,0.0,0.1081,45.4,37.1,-18.2819,not significant
Northern,Northern,et0,Evapotranspiration (ET₀),mm,10.5583,-0.6273,23.3909,0.1286,1294.2413,1324.703,2.3536,not significant
Northern,Northern,drought_m,Drought months,months,0.4762,0.0,1.1111,0.0689,1.8,3.8,111.1111,not significant
Southern,Southern,tmean,Mean temperature,°C,0.0043,-0.1033,0.1208,0.9887,17.5956,17.4499,-0.8279,not significant
Southern,Southern,tmax,Maximum temperature,°C,0.3141,0.2069,0.4338,0.0,22.597,23.303,3.1245,significant (p<0.05)
Southern,Southern,tmin,Minimum temperature,°C,0.0629,-0.047,0.1571,0.3559,12.4691,12.4835,0.1155,not significant
Southern,Southern,rain,Annual rainfall,mm,145.3793,80.7778,220.4,0.001,798.8433,1170.51,46.5256,significant (p<0.05)
Southern,Southern,hot,Extreme-heat days,days,0.0,0.0,0.0,,0.0,0.0,,not significant
Southern,Southern,tx90,Hot days (above local P90),days,11.6667,7.1429,18.3333,0.001,33.6333,73.0,117.0466,significant (p<0.05)
Southern,Southern,r20,Heavy-rain days,days,0.8333,0.4762,1.25,0.0,1.4333,5.2,262.7907,significant (p<0.05)
Southern,Southern,cdd,Longest dry spell,days,-7.1429,-13.5,0.6667,0.1358,60.4667,46.6,-22.9327,not significant
Southern,Southern,et0,Evapotranspiration (ET₀),mm,18.3833,6.0882,29.8167,0.0152,1348.5377,1400.732,3.8704,significant (p<0.05)
Southern,Southern,drought_m,Drought months,months,0.0,-1.1111,0.0,0.0163,1.7667,0.3,-83.0189,significant (p<0.05)
Western,Western,tmean,Mean temperature,°C,-0.0879,-0.2156,0.0184,0.1866,17.3511,16.9685,-2.2049,not significant
Western,Western,tmax,Maximum temperature,°C,0.5167,0.3583,0.6515,0.0,20.6157,21.9081,6.269,significant (p<0.05)
Western,Western,tmin,Minimum temperature,°C,-0.308,-0.5096,0.0184,0.1359,13.8502,12.7883,-7.6668,not significant
Western,Western,rain,Annual rainfall,mm,-180.6667,-230.129,-113.875,0.0002,1802.0,1422.44,-21.0633,significant (p<0.05)
Western,Western,hot,Extreme-heat days,days,0.0,0.0,0.0,,0.0,0.0,,not significant
Western,Western,tx90,Hot days (above local P90),days,31.0,15.0,53.7037,0.0,33.5333,152.1,353.5785,significant (p<0.05)
Western,Western,r20,Heavy-rain days,days,-1.6667,-3.0,-0.4545,0.0118,13.3667,8.4,-37.1571,significant (p<0.05)
Western,Western,cdd,Longest dry spell,days,-2.5,-6.1111,0.7692,0.2212,36.3333,31.5,-13.3028,not significant
Western,Western,et0,Evapotranspiration (ET₀),mm,37.212,23.2458,52.97,0.0,1228.9627,1326.508,7.9372,significant (p<0.05)
Western,Western,drought_m,Drought months,months,0.8,0.0,1.4286,0.017,1.8,4.5,150.0,significant (p<0.05)
