loc,province,year,tmean,tmax,tmin,txx,tnn,hot,tx90,tn90,rain,wet,r20,rx1,rx5,cdd,et0,soil,ndvi,drought_m,severe_m,wetx_m,rain_base,t_anom,tx_anom,rain_pct,aridity
Kigali,Kigali,1991,19.619,24.695,14.687,28.1,12.1,0,6,21,1057.4,203,2,26.1,54.9,26,1379.4,0.667,,0,0,3,814.47,-0.446,-0.561,129.827,-322.0
Kigali,Kigali,1992,19.725,24.777,14.711,28.1,11.7,0,9,9,818.2,178,0,15.4,52.5,67,1418.01,0.619,,0,0,0,814.47,-0.341,-0.48,100.458,-599.81
Kigali,Kigali,1993,19.939,25.057,14.794,29.0,11.9,0,21,19,742.1,159,0,17.7,44.1,52,1444.53,0.63,,3,1,0,814.47,-0.126,-0.199,91.114,-702.43
Kigali,Kigali,1994,19.625,24.74,14.476,28.0,11.9,0,3,12,930.0,183,0,14.8,57.1,46,1404.76,0.64,,0,0,0,814.47,-0.441,-0.517,114.185,-474.76
Kigali,Kigali,1995,19.918,25.08,14.707,29.2,11.8,0,22,22,813.3,162,0,19.3,53.8,77,1451.78,0.653,,0,0,0,814.47,-0.148,-0.177,99.856,-638.48
Kigali,Kigali,1996,19.736,24.923,14.593,28.9,11.7,0,16,11,832.7,188,1,21.8,48.8,83,1452.88,0.704,,0,0,0,814.47,-0.33,-0.333,102.238,-620.18
Kigali,Kigali,1997,20.106,25.102,15.187,29.4,12.5,0,53,39,1017.7,165,3,32.2,62.3,57,1408.98,0.712,,3,3,2,814.47,0.04,-0.155,124.952,-391.28
Kigali,Kigali,1998,20.432,25.41,15.576,28.1,12.1,0,21,75,836.2,154,2,24.2,66.3,66,1445.43,0.657,,2,2,3,814.47,0.366,0.153,102.668,-609.23
Kigali,Kigali,1999,19.804,24.81,14.724,29.3,12.1,0,18,20,619.9,135,0,16.1,39.5,80,1432.31,0.622,,6,3,0,814.47,-0.262,-0.447,76.111,-812.41
Kigali,Kigali,2000,20.154,25.317,14.81,30.5,11.7,1,37,27,585.3,129,1,22.9,42.5,114,1495.42,0.65,,8,4,0,814.47,0.088,0.061,71.863,-910.12
Kigali,Kigali,2001,19.708,24.829,14.596,28.7,11.8,0,12,7,767.1,155,0,15.9,41.3,45,1441.72,0.659,,0,0,0,814.47,-0.357,-0.428,94.184,-674.62
Kigali,Kigali,2002,20.318,25.364,15.267,30.0,12.4,2,43,54,744.4,151,1,22.5,63.9,85,1466.9,0.646,,4,4,0,814.47,0.252,0.107,91.397,-722.5
Kigali,Kigali,2003,20.361,25.521,15.105,30.2,12.6,1,56,26,582.5,122,0,14.9,37.8,61,1493.62,0.672,,4,0,0,814.47,0.295,0.265,71.519,-911.12
Kigali,Kigali,2004,20.382,25.441,15.415,28.9,12.8,0,38,65,713.5,156,0,13.0,36.6,98,1461.8,0.75,,3,1,0,814.47,0.316,0.184,87.603,-748.3
Kigali,Kigali,2005,20.407,25.613,15.298,32.3,12.6,8,38,52,772.2,155,0,18.0,42.4,63,1480.68,0.72,0.547,0,0,0,814.47,0.341,0.356,94.81,-708.48
Kigali,Kigali,2006,20.054,25.097,15.105,29.0,12.1,0,34,39,987.4,184,2,27.2,54.3,54,1429.44,0.672,0.547,2,0,0,814.47,-0.012,-0.16,121.232,-442.04
Kigali,Kigali,2007,19.905,24.897,14.948,28.1,12.0,0,9,26,728.4,156,0,17.3,40.4,45,1416.6,0.763,0.549,2,1,2,814.47,-0.161,-0.36,89.432,-688.2
Kigali,Kigali,2008,19.86,24.892,14.821,28.2,12.0,0,11,23,739.7,149,1,24.9,43.5,28,1424.86,0.776,0.539,2,0,0,814.47,-0.206,-0.364,90.82,-685.16
Kigali,Kigali,2009,20.067,25.139,15.043,28.8,11.8,0,28,43,881.8,173,1,26.4,61.0,71,1427.0,0.754,0.549,0,0,0,814.47,0.001,-0.118,108.267,-545.2
Kigali,Kigali,2010,20.371,25.357,15.426,29.8,10.9,0,37,64,825.0,160,1,21.1,47.5,83,1440.64,0.759,0.561,0,0,0,814.47,0.305,0.1,101.293,-615.64
Kigali,Kigali,2011,19.593,24.666,14.568,28.1,11.4,0,4,11,1029.2,193,3,28.7,55.1,28,1379.22,0.728,0.578,0,0,3,814.47,-0.473,-0.59,126.364,-350.02
Kigali,Kigali,2012,19.757,24.911,14.63,30.5,11.0,2,25,16,1018.2,171,2,22.8,62.7,41,1407.65,0.743,0.588,0,0,4,814.47,-0.309,-0.345,125.014,-389.45
Kigali,Kigali,2013,20.159,25.27,15.056,28.9,11.7,0,31,34,935.1,164,1,21.7,53.0,96,1447.04,0.71,0.561,0,0,0,814.47,0.093,0.013,114.811,-511.94
Kigali,Kigali,2014,20.022,25.057,15.017,29.0,12.0,0,9,28,775.4,158,1,24.4,67.8,50,1403.88,0.698,0.556,2,0,1,814.47,-0.044,-0.199,95.203,-628.48
Kigali,Kigali,2015,20.439,25.47,15.342,29.1,12.3,0,52,44,803.1,150,4,25.5,66.1,61,1439.47,0.684,0.538,1,0,0,814.47,0.373,0.214,98.604,-636.37
Kigali,Kigali,2016,20.848,25.888,15.801,29.4,12.8,0,62,90,709.0,138,0,19.4,52.2,98,1493.97,0.675,0.54,3,1,0,814.47,0.782,0.631,87.05,-784.97
Kigali,Kigali,2017,20.495,26.566,15.286,31.5,13.0,9,118,29,494.3,98,0,17.7,45.7,98,1503.16,0.648,0.495,8,3,0,814.47,0.429,1.309,60.69,-1008.86
Kigali,Kigali,2018,19.594,25.483,14.75,28.9,11.5,0,41,10,855.7,158,3,30.1,68.2,38,1400.48,0.735,0.548,3,1,2,814.47,-0.472,0.226,105.062,-544.78
Kigali,Kigali,2019,20.253,26.352,15.234,31.2,12.0,4,113,28,815.3,171,0,18.4,53.6,19,1435.15,0.697,0.532,3,2,0,814.47,0.188,1.096,100.102,-619.85
Kigali,Kigali,2020,20.327,25.975,15.612,31.1,12.4,3,79,58,1004.0,172,3,29.6,78.2,34,1419.09,0.819,0.591,0,0,1,814.47,0.261,0.719,123.27,-415.09
Kigali,Kigali,2021,19.983,25.95,15.113,31.3,12.7,1,83,21,902.5,163,5,28.6,70.3,27,1439.77,0.789,0.579,0,0,0,814.47,-0.083,0.693,110.808,-537.27
Kigali,Kigali,2022,19.862,26.134,14.706,30.1,11.6,1,87,12,891.2,138,4,29.0,61.1,57,1490.82,0.808,0.559,1,0,0,814.47,-0.204,0.878,109.421,-599.62
Kigali,Kigali,2023,20.427,26.77,14.978,31.8,12.2,10,138,20,740.8,146,2,25.4,50.2,45,1553.57,0.687,0.54,1,0,0,814.47,0.361,1.513,90.955,-812.77
Kigali,Kigali,2024,20.761,27.302,15.288,32.1,11.8,25,185,42,835.8,137,5,31.7,67.6,48,1593.59,0.694,0.546,1,0,0,814.47,0.695,2.045,102.619,-757.79
Kigali,Kigali,2025,20.353,26.586,15.056,32.7,12.4,29,128,21,1010.3,178,2,28.8,56.2,25,1542.55,0.664,0.585,0,0,4,814.47,0.287,1.33,124.044,-532.25
Southern,Southern,1991,17.181,21.943,12.159,25.6,9.8,0,9,16,964.5,198,1,22.0,54.6,27,1271.32,0.664,,0,0,3,798.843,-0.414,-0.654,120.737,-306.82
Southern,Southern,1992,17.276,22.138,12.156,25.5,8.9,0,10,15,812.1,171,3,25.4,70.8,72,1309.58,0.613,,0,0,0,798.843,-0.32,-0.459,101.659,-497.48
Southern,Southern,1993,17.586,22.523,12.301,26.9,9.5,0,34,19,641.2,142,0,15.3,34.0,56,1356.86,0.647,,3,1,0,798.843,-0.009,-0.074,80.266,-715.66
Southern,Southern,1994,17.33,22.203,12.085,25.3,9.0,0,8,9,760.3,168,1,20.2,58.5,46,1318.81,0.631,,0,0,0,798.843,-0.265,-0.394,95.175,-558.51
Southern,Southern,1995,17.462,22.457,12.224,26.4,9.5,0,24,18,775.4,165,1,26.6,48.3,75,1353.17,0.657,,0,0,0,798.843,-0.133,-0.14,97.065,-577.77
Southern,Southern,1996,17.369,22.304,12.146,26.1,8.8,0,19,11,716.0,167,0,13.1,45.5,43,1350.84,0.736,,0,0,0,798.843,-0.226,-0.293,89.63,-634.84
Southern,Southern,1997,17.627,22.436,12.522,28.3,9.5,0,49,31,897.2,172,1,21.7,54.5,58,1326.01,0.803,,3,1,1,798.843,0.032,-0.161,112.312,-428.81
Southern,Southern,1998,18.078,22.802,13.144,25.9,10.1,0,28,75,817.3,135,1,20.9,70.3,66,1354.05,0.704,,3,2,4,798.843,0.482,0.205,102.31,-536.75
Southern,Southern,1999,17.293,22.134,12.127,27.3,9.2,0,24,14,576.2,127,0,14.4,35.8,79,1349.4,0.626,,7,3,0,798.843,-0.303,-0.463,72.129,-773.2
Southern,Southern,2000,17.784,22.801,12.224,27.8,9.4,0,40,21,562.9,117,1,24.4,49.6,94,1413.66,0.662,,7,5,0,798.843,0.188,0.204,70.464,-850.76
Southern,Southern,2001,17.304,22.147,12.233,26.4,9.0,0,22,11,836.4,164,1,20.2,50.0,45,1335.6,0.691,,0,0,0,798.843,-0.291,-0.45,104.701,-499.2
Southern,Southern,2002,17.804,22.702,12.608,27.5,9.6,0,44,44,720.6,142,1,20.2,68.1,132,1380.33,0.652,,4,4,0,798.843,0.209,0.105,90.205,-659.73
Southern,Southern,2003,18.0,22.973,12.633,27.2,10.3,0,56,33,575.1,119,1,23.4,51.6,71,1412.1,0.688,,5,0,0,798.843,0.404,0.376,71.992,-837.0
Southern,Southern,2004,17.884,22.773,12.841,25.8,9.7,0,26,52,693.6,147,0,16.5,56.7,75,1366.54,0.758,,2,1,0,798.843,0.289,0.176,86.826,-672.94
Southern,Southern,2005,18.174,23.118,12.929,29.5,10.0,0,64,67,610.0,123,0,16.5,39.0,52,1401.23,0.766,0.504,4,0,0,798.843,0.578,0.521,76.36,-791.23
Southern,Southern,2006,17.612,22.484,12.57,26.8,9.4,0,39,35,827.7,158,1,21.8,50.3,39,1336.3,0.696,0.517,3,1,0,798.843,0.017,-0.113,103.612,-508.6
Southern,Southern,2007,17.538,22.349,12.482,25.9,9.6,0,14,31,665.2,152,0,16.8,35.8,24,1332.24,0.782,0.527,1,1,0,798.843,-0.058,-0.248,83.27,-667.04
Southern,Southern,2008,17.48,22.291,12.305,26.6,7.7,0,22,27,639.5,130,1,23.6,48.1,57,1335.76,0.812,0.517,2,0,0,798.843,-0.116,-0.306,80.053,-696.26
Southern,Southern,2009,17.663,22.596,12.491,26.6,9.9,0,30,32,747.5,152,1,30.0,58.9,71,1351.96,0.791,0.517,1,0,0,798.843,0.067,-0.001,93.573,-604.46
Southern,Southern,2010,17.993,22.73,13.021,27.9,9.3,0,33,70,817.2,159,1,26.7,48.7,83,1356.38,0.786,0.548,1,0,1,798.843,0.398,0.133,102.298,-539.18
Southern,Southern,2011,17.207,22.115,12.075,24.9,9.2,0,5,7,930.9,168,2,21.2,47.5,32,1296.29,0.761,0.555,0,0,1,798.843,-0.388,-0.482,116.531,-365.39
Southern,Southern,2012,17.301,22.236,12.015,26.5,8.1,0,19,13,870.0,178,1,21.6,63.4,30,1316.38,0.794,0.553,1,0,1,798.843,-0.294,-0.361,108.907,-446.38
Southern,Southern,2013,17.672,22.615,12.427,26.3,9.5,0,33,33,838.4,149,2,36.7,63.3,97,1346.16,0.776,0.534,0,0,0,798.843,0.076,0.018,104.952,-507.76
Southern,Southern,2014,17.748,22.606,12.579,25.2,9.9,0,10,33,689.5,149,1,21.4,56.3,36,1331.0,0.741,0.527,3,2,0,798.843,0.153,0.009,86.312,-641.5
Southern,Southern,2015,17.913,22.773,12.766,26.7,10.4,0,43,42,802.4,149,2,55.2,104.5,73,1352.01,0.711,0.535,0,0,0,798.843,0.317,0.176,100.445,-549.61
Southern,Southern,2016,18.271,23.077,13.243,26.4,10.3,0,54,92,750.6,128,2,44.5,69.3,98,1377.68,0.696,0.543,2,1,0,798.843,0.676,0.48,93.961,-627.08
Southern,Southern,2017,17.578,23.582,12.378,28.1,9.3,0,95,11,721.6,140,1,26.2,62.1,91,1400.98,0.627,0.523,1,0,0,798.843,-0.018,0.985,90.331,-679.38
Southern,Southern,2018,16.873,22.731,12.015,26.3,7.1,0,31,17,1164.2,205,5,28.2,75.6,36,1321.03,0.726,0.586,0,0,3,798.843,-0.723,0.134,145.736,-156.83
Southern,Southern,2019,17.248,23.127,12.375,27.0,9.0,0,64,18,1155.7,221,2,20.5,71.5,21,1353.57,0.683,0.582,0,0,4,798.843,-0.347,0.53,144.672,-197.87
Southern,Southern,2020,17.618,23.143,12.999,27.2,9.1,0,60,73,1386.1,216,9,31.1,75.6,35,1348.89,0.804,0.608,0,0,9,798.843,0.022,0.546,173.513,37.21
Southern,Southern,2021,17.141,22.962,12.343,27.4,9.1,0,44,18,1137.8,200,3,32.6,79.4,25,1367.43,0.777,0.591,0,0,3,798.843,-0.454,0.365,142.431,-229.63
Southern,Southern,2022,17.0,23.119,12.019,27.7,8.0,0,45,11,1299.3,187,8,24.4,71.5,57,1411.58,0.751,0.593,0,0,6,798.843,-0.596,0.522,162.648,-112.28
Southern,Southern,2023,17.641,23.881,12.367,27.8,9.3,0,114,13,1274.4,176,7,29.9,97.4,44,1486.1,0.649,0.59,0,0,5,798.843,0.046,1.284,159.531,-211.7
Southern,Southern,2024,18.054,24.481,12.797,29.5,8.9,0,181,41,1441.4,188,12,28.9,100.3,37,1519.96,0.682,0.597,0,0,6,798.843,0.458,1.884,180.436,-78.56
Southern,Southern,2025,17.075,22.927,12.299,26.7,8.8,0,42,9,1374.0,215,3,35.8,69.9,22,1420.1,0.651,0.609,0,0,8,798.843,-0.521,0.33,171.999,-46.1
Northern,Northern,1991,15.971,20.099,12.165,22.9,9.9,0,5,20,1673.3,234,5,28.5,89.7,17,1241.63,0.711,,0,0,2,1393.343,-0.411,-0.567,120.092,431.67
Northern,Northern,1992,16.04,20.137,12.156,23.2,9.4,0,4,11,1334.7,199,2,21.1,87.6,58,1270.41,0.606,,0,0,0,1393.343,-0.342,-0.529,95.791,64.29
Northern,Northern,1993,16.215,20.407,12.158,23.7,9.9,0,15,7,1173.9,186,0,19.6,58.5,50,1300.79,0.623,,4,2,0,1393.343,-0.167,-0.26,84.251,-126.89
Northern,Northern,1994,16.002,20.175,12.045,22.9,9.7,0,4,6,1562.8,219,3,23.3,93.3,40,1267.51,0.641,,0,0,1,1393.343,-0.379,-0.491,112.162,295.29
Northern,Northern,1995,16.206,20.466,12.166,24.5,9.6,0,15,17,1368.2,206,4,26.3,77.0,75,1305.63,0.665,,0,0,0,1393.343,-0.176,-0.2,98.195,62.57
Northern,Northern,1996,16.045,20.284,12.069,23.9,9.1,0,14,12,1535.6,220,5,23.7,74.1,40,1300.74,0.767,,0,0,2,1393.343,-0.336,-0.382,110.21,234.86
Northern,Northern,1997,16.301,20.42,12.371,24.3,10.3,0,30,25,1478.8,189,7,35.1,88.7,29,1274.15,0.785,,3,2,1,1393.343,-0.081,-0.246,106.133,204.65
Northern,Northern,1998,16.698,20.807,12.915,23.6,9.8,0,24,90,1353.5,179,5,32.8,97.3,66,1310.13,0.72,,2,2,2,1393.343,0.316,0.141,97.14,43.37
Northern,Northern,1999,15.886,19.977,11.963,24.0,9.9,0,12,12,1216.8,183,1,20.7,71.6,72,1285.42,0.62,,5,0,0,1393.343,-0.495,-0.689,87.33,-68.62
Northern,Northern,2000,16.244,20.519,12.037,25.0,9.2,0,25,9,1093.8,162,3,70.1,95.7,77,1343.33,0.654,,6,5,0,1393.343,-0.138,-0.147,78.502,-249.53
Northern,Northern,2001,15.999,20.167,12.1,23.2,9.7,0,9,9,1509.0,196,9,26.6,89.9,27,1298.1,0.699,,0,0,0,1393.343,-0.383,-0.499,108.301,210.9
Northern,Northern,2002,16.498,20.632,12.633,24.6,10.1,0,26,50,1301.5,183,9,30.1,79.3,71,1324.6,0.675,,4,4,0,1393.343,0.117,-0.034,93.408,-23.1
Northern,Northern,2003,16.524,20.808,12.381,25.0,9.5,0,49,27,1123.4,169,5,26.3,94.3,29,1345.92,0.702,,2,0,0,1393.343,0.143,0.142,80.626,-222.52
Northern,Northern,2004,16.449,20.641,12.535,23.5,9.6,0,23,47,1381.0,184,5,26.7,88.2,72,1310.27,0.822,,1,1,0,1393.343,0.067,-0.025,99.114,70.73
Northern,Northern,2005,16.586,20.876,12.468,27.0,9.9,0,38,36,1292.2,180,6,22.3,64.6,47,1335.53,0.804,0.55,1,0,0,1393.343,0.205,0.21,92.741,-43.33
Northern,Northern,2006,16.22,20.398,12.352,23.8,10.3,0,19,20,1750.7,213,4,39.8,105.0,31,1284.5,0.707,0.559,1,0,1,1393.343,-0.162,-0.269,125.647,466.2
Northern,Northern,2007,16.146,20.241,12.269,23.7,9.4,0,5,19,1308.1,200,2,25.1,66.5,23,1266.22,0.829,0.555,2,1,3,1393.343,-0.236,-0.425,93.882,41.88
Northern,Northern,2008,16.077,20.232,12.13,23.9,9.9,0,11,13,1307.7,189,4,26.3,64.0,28,1278.95,0.846,0.546,0,0,0,1393.343,-0.305,-0.434,93.853,28.75
Northern,Northern,2009,16.345,20.503,12.418,24.0,9.4,0,18,36,1523.5,214,7,26.4,90.0,50,1291.45,0.829,0.559,0,0,0,1393.343,-0.036,-0.163,109.341,232.05
Northern,Northern,2010,16.695,20.788,12.875,24.9,9.0,0,39,89,1379.7,198,3,23.5,61.6,82,1311.15,0.84,0.564,1,0,0,1393.343,0.313,0.122,99.021,68.55
Northern,Northern,2011,15.997,20.187,12.101,23.4,9.6,0,4,13,1735.1,223,7,30.6,88.0,27,1250.02,0.81,0.59,0,0,3,1393.343,-0.384,-0.479,124.528,485.08
Northern,Northern,2012,16.15,20.445,12.111,25.3,9.5,0,31,17,1528.9,201,4,34.5,99.5,30,1283.91,0.82,0.574,1,1,1,1393.343,-0.231,-0.221,109.729,244.99
Northern,Northern,2013,16.464,20.691,12.538,24.3,9.5,0,34,41,1463.7,173,5,32.8,72.2,60,1304.61,0.773,0.553,0,0,0,1393.343,0.083,0.025,105.049,159.09
Northern,Northern,2014,16.321,20.47,12.375,23.6,10.1,0,7,25,1349.7,191,3,61.9,128.8,31,1273.84,0.774,0.563,3,2,1,1393.343,-0.061,-0.196,96.868,75.86
Northern,Northern,2015,16.693,20.854,12.768,24.2,10.8,0,44,51,1400.2,178,5,71.2,123.8,27,1308.91,0.799,0.536,3,1,1,1393.343,0.311,0.188,100.492,91.29
Northern,Northern,2016,17.118,21.294,13.243,25.0,10.0,0,66,126,1258.8,161,10,45.5,107.3,40,1355.11,0.778,0.56,2,2,1,1393.343,0.736,0.628,90.344,-96.31
Northern,Northern,2017,17.23,22.222,12.835,26.4,9.3,0,155,65,851.9,135,3,22.0,60.6,85,1331.3,0.737,0.492,8,6,0,1393.343,0.848,1.556,61.141,-479.4
Northern,Northern,2018,16.503,21.53,12.382,24.5,9.2,0,85,28,1321.3,188,8,35.8,91.1,37,1244.66,0.844,0.535,4,2,0,1393.343,0.122,0.863,94.829,76.64
Northern,Northern,2019,16.863,21.883,12.61,25.3,9.9,0,125,39,1454.9,209,11,38.9,99.9,15,1270.48,0.848,0.555,1,0,0,1393.343,0.481,1.217,104.418,184.42
Northern,Northern,2020,16.963,21.831,12.993,26.3,10.7,0,120,81,1767.6,214,16,56.1,121.3,26,1257.97,0.905,0.595,0,0,3,1393.343,0.581,1.165,126.86,509.63
Northern,Northern,2021,16.738,21.744,12.615,26.4,9.5,0,114,39,1325.2,194,9,41.2,83.0,25,1288.26,0.877,0.562,2,0,0,1393.343,0.356,1.078,95.109,36.94
Northern,Northern,2022,16.642,21.821,12.275,25.4,9.2,0,117,23,991.4,177,4,24.8,52.1,43,1323.82,0.903,0.502,8,5,0,1393.343,0.26,1.155,71.153,-332.42
Northern,Northern,2023,17.209,22.593,12.712,26.9,9.9,0,206,59,1144.9,199,5,27.0,77.1,43,1393.4,0.807,0.523,5,1,0,1393.343,0.827,1.927,82.169,-248.5
Northern,Northern,2024,17.534,23.027,13.116,26.9,9.9,0,247,97,1219.4,192,4,32.9,66.3,37,1437.49,0.802,0.536,7,2,0,1393.343,1.153,2.361,87.516,-218.09
Northern,Northern,2025,16.648,21.421,12.687,26.7,9.8,0,84,29,1318.9,222,4,26.5,60.4,20,1344.54,0.788,0.549,1,0,0,1393.343,0.266,0.755,94.657,-25.64
Eastern,Eastern,1991,20.61,25.349,16.163,28.8,13.7,0,2,8,1037.4,202,0,19.3,47.5,25,1396.92,0.628,,0,0,3,801.88,-0.568,-0.817,129.371,-359.52
Eastern,Eastern,1992,20.867,25.672,16.276,29.3,13.8,0,9,9,830.7,162,1,20.4,66.1,67,1446.92,0.592,,0,0,0,801.88,-0.31,-0.493,103.594,-616.22
Eastern,Eastern,1993,21.031,25.992,16.368,29.7,13.8,0,13,18,793.3,152,0,17.2,42.3,51,1476.0,0.597,,2,0,0,801.88,-0.147,-0.173,98.93,-682.7
Eastern,Eastern,1994,20.775,25.587,16.218,29.3,14.0,0,3,7,829.8,180,0,15.8,43.6,42,1429.55,0.612,,0,0,0,801.88,-0.402,-0.578,103.482,-599.75
Eastern,Eastern,1995,21.019,25.888,16.345,30.6,14.2,5,21,13,802.6,146,0,18.0,52.2,52,1472.18,0.624,,0,0,0,801.88,-0.158,-0.278,100.09,-669.58
Eastern,Eastern,1996,20.964,25.927,16.313,30.6,14.4,3,19,14,827.6,188,0,14.7,40.3,41,1482.78,0.648,,1,0,0,801.88,-0.214,-0.238,103.207,-655.18
Eastern,Eastern,1997,21.128,25.888,16.608,30.2,14.0,1,37,25,963.2,165,4,30.5,64.6,35,1441.87,0.642,,1,0,1,801.88,-0.049,-0.277,120.118,-478.67
Eastern,Eastern,1998,21.377,26.072,16.885,29.1,14.1,0,10,47,839.9,152,2,29.2,79.7,66,1459.84,0.617,,2,2,3,801.88,0.2,-0.094,104.741,-619.94
Eastern,Eastern,1999,21.032,25.835,16.353,30.0,14.1,2,20,17,652.4,139,0,13.7,37.9,78,1476.76,0.59,,7,2,0,801.88,-0.146,-0.331,81.359,-824.36
Eastern,Eastern,2000,21.369,26.362,16.507,31.8,13.9,5,46,25,513.2,110,1,20.0,34.7,104,1534.75,0.606,,10,6,0,801.88,0.191,0.196,64.0,-1021.55
Eastern,Eastern,2001,20.939,25.844,16.224,30.1,13.8,1,15,7,799.6,150,0,16.6,50.1,46,1478.72,0.619,,0,0,0,801.88,-0.238,-0.321,99.716,-679.12
Eastern,Eastern,2002,21.31,26.187,16.583,31.1,14.1,5,32,23,711.2,147,1,22.0,52.2,76,1498.65,0.613,,4,4,0,801.88,0.132,0.021,88.692,-787.45
Eastern,Eastern,2003,21.75,26.71,16.912,31.7,14.4,7,69,54,543.3,116,1,20.6,38.9,76,1546.86,0.611,,6,3,0,801.88,0.572,0.544,67.753,-1003.56
Eastern,Eastern,2004,21.777,26.664,17.091,30.4,13.5,1,47,86,683.8,145,0,15.9,47.1,92,1517.91,0.662,,3,1,0,801.88,0.599,0.498,85.275,-834.11
Eastern,Eastern,2005,21.753,26.788,17.062,34.2,14.2,14,48,72,748.8,149,0,17.1,49.5,59,1533.53,0.634,0.541,1,0,0,801.88,0.576,0.622,93.381,-784.73
Eastern,Eastern,2006,21.36,26.199,16.822,30.6,14.6,1,36,47,854.7,168,0,15.3,51.5,54,1472.63,0.626,0.546,1,0,0,801.88,0.182,0.033,106.587,-617.93
Eastern,Eastern,2007,21.152,25.882,16.677,29.4,13.9,0,13,30,739.7,146,0,17.4,54.5,24,1454.21,0.676,0.547,1,1,0,801.88,-0.026,-0.284,92.246,-714.51
Eastern,Eastern,2008,21.183,26.025,16.501,29.9,12.9,0,11,16,692.5,145,0,19.4,42.3,28,1470.9,0.669,0.538,2,1,0,801.88,0.005,-0.14,86.36,-778.4
Eastern,Eastern,2009,21.533,26.378,16.936,30.3,14.1,5,40,72,834.3,162,2,36.4,66.6,77,1487.65,0.656,0.548,0,0,0,801.88,0.355,0.213,104.043,-653.35
Eastern,Eastern,2010,21.512,26.263,17.018,31.2,13.9,8,31,63,869.4,155,1,22.4,44.8,82,1469.38,0.654,0.57,0,0,3,801.88,0.334,0.097,108.42,-599.98
Eastern,Eastern,2011,20.817,25.604,16.365,28.9,13.3,0,8,21,1000.1,181,0,16.7,42.0,27,1412.12,0.673,0.586,0,0,4,801.88,-0.36,-0.561,124.719,-412.02
Eastern,Eastern,2012,20.978,25.753,16.413,31.1,13.0,4,27,22,945.1,164,1,22.0,49.0,41,1440.09,0.66,0.586,1,0,2,801.88,-0.2,-0.412,117.861,-494.99
Eastern,Eastern,2013,21.399,26.313,16.744,30.8,14.5,5,43,37,844.9,151,1,21.5,59.7,66,1483.54,0.641,0.545,2,0,0,801.88,0.222,0.147,105.365,-638.64
Eastern,Eastern,2014,21.358,26.125,16.779,30.2,13.9,2,17,40,742.0,141,1,21.9,49.9,42,1445.54,0.645,0.551,3,0,1,801.88,0.18,-0.041,92.533,-703.54
Eastern,Eastern,2015,21.733,26.542,17.099,30.7,14.9,3,64,57,815.8,145,2,54.3,80.7,42,1488.59,0.634,0.542,2,1,1,801.88,0.556,0.377,101.736,-672.79
Eastern,Eastern,2016,22.118,27.011,17.449,30.8,14.8,11,70,107,645.5,137,3,24.5,53.0,74,1540.33,0.615,0.532,4,1,0,801.88,0.94,0.846,80.498,-894.83
Eastern,Eastern,2017,20.933,26.899,16.251,31.6,13.7,13,74,13,611.5,111,0,18.8,50.9,81,1527.93,0.618,0.524,5,0,0,801.88,-0.245,0.733,76.258,-916.43
Eastern,Eastern,2018,20.144,26.093,15.618,29.7,12.3,0,23,6,925.9,165,1,27.9,60.9,39,1436.26,0.648,0.566,1,0,2,801.88,-1.034,-0.072,115.466,-510.36
Eastern,Eastern,2019,20.651,26.558,16.121,30.9,13.4,9,70,13,936.9,178,2,40.6,63.8,19,1443.24,0.662,0.564,0,0,2,801.88,-0.527,0.393,116.838,-506.34
Eastern,Eastern,2020,20.756,26.557,16.268,31.0,13.1,7,62,8,1021.3,170,4,27.5,63.4,31,1448.64,0.737,0.596,0,0,4,801.88,-0.422,0.391,127.363,-427.34
Eastern,Eastern,2021,20.679,26.814,15.98,32.4,13.8,6,74,5,749.1,158,1,20.0,56.2,29,1505.83,0.703,0.554,2,1,0,801.88,-0.498,0.649,93.418,-756.73
Eastern,Eastern,2022,20.458,26.849,15.617,30.8,13.1,10,61,2,729.0,136,2,24.3,39.4,57,1558.98,0.715,0.537,4,2,0,801.88,-0.719,0.684,90.911,-829.98
Eastern,Eastern,2023,21.152,27.592,15.955,31.6,13.5,39,150,7,775.0,135,3,22.3,63.9,65,1606.49,0.65,0.541,2,1,0,801.88,-0.025,1.426,96.648,-831.49
Eastern,Eastern,2024,21.625,28.271,16.348,33.0,13.6,85,191,20,729.5,137,2,29.1,48.5,73,1654.68,0.638,0.543,3,0,1,801.88,0.447,2.105,90.974,-925.18
Eastern,Eastern,2025,21.742,27.587,16.836,33.5,14.3,49,134,45,792.9,158,0,16.1,43.7,29,1664.97,0.626,0.556,1,0,0,801.88,0.564,1.421,98.88,-872.07
Western,Western,1991,17.132,20.103,13.774,22.9,10.8,0,7,20,2222.9,253,13,32.9,93.7,16,1163.18,0.643,,0,0,4,1802.0,-0.219,-0.513,123.357,1059.72
Western,Western,1992,17.122,20.153,13.699,23.0,10.9,0,5,19,2148.2,214,17,121.2,171.1,61,1188.65,0.551,,1,0,1,1802.0,-0.229,-0.463,119.212,959.55
Western,Western,1993,17.359,20.348,13.983,22.7,11.7,0,8,28,1525.4,204,4,29.9,83.3,51,1217.81,0.593,,3,3,0,1802.0,0.008,-0.268,84.65,307.59
Western,Western,1994,17.13,20.139,13.678,22.2,10.9,0,1,19,1969.4,230,13,37.7,104.6,28,1185.95,0.602,,0,0,0,1802.0,-0.221,-0.476,109.29,783.45
Western,Western,1995,17.35,20.442,13.793,22.9,10.8,0,14,23,2044.7,216,15,89.3,209.6,55,1231.96,0.627,,0,0,2,1802.0,-0.001,-0.174,113.468,812.74
Western,Western,1996,17.167,20.221,13.732,22.3,10.7,0,4,16,1901.1,232,14,37.8,101.5,31,1219.07,0.735,,0,0,1,1802.0,-0.184,-0.395,105.499,682.03
Western,Western,1997,17.336,20.307,13.912,23.6,10.9,0,19,28,1972.4,210,8,25.8,86.8,31,1197.69,0.755,,2,2,0,1802.0,-0.015,-0.309,109.456,774.71
Western,Western,1998,17.859,20.79,14.579,23.4,11.5,0,19,88,1811.8,189,20,34.3,129.2,24,1240.27,0.656,,2,2,2,1802.0,0.508,0.174,100.544,571.53
Western,Western,1999,17.113,20.099,13.702,23.7,10.6,0,15,28,1650.0,188,13,104.4,191.1,58,1227.27,0.601,,3,1,0,1802.0,-0.238,-0.517,91.565,422.73
Western,Western,2000,17.346,20.428,13.808,23.0,11.3,0,17,33,1716.5,175,17,73.4,141.2,64,1251.27,0.648,,5,4,1,1802.0,-0.005,-0.187,95.255,465.23
Western,Western,2001,17.183,20.139,13.884,22.6,10.8,0,6,28,1936.3,203,17,31.8,98.9,32,1219.73,0.675,,0,0,2,1802.0,-0.168,-0.477,107.453,716.57
Western,Western,2002,17.582,20.556,14.233,23.2,11.2,0,16,54,1725.2,189,11,95.5,151.5,85,1249.19,0.631,,4,3,0,1802.0,0.231,-0.06,95.738,476.01
Western,Western,2003,17.665,20.674,14.169,23.8,10.8,0,31,49,1471.9,180,12,34.1,109.7,23,1258.83,0.695,,3,2,0,1802.0,0.314,0.058,81.681,213.07
Western,Western,2004,17.521,20.488,14.127,23.1,10.5,0,9,43,1810.0,198,17,27.7,74.7,39,1226.4,0.802,,1,0,0,1802.0,0.17,-0.128,100.444,583.6
Western,Western,2005,17.787,20.795,14.412,25.8,10.3,0,45,75,1610.2,183,17,32.3,98.0,26,1251.3,0.767,0.549,2,0,0,1802.0,0.436,0.18,89.356,358.9
Western,Western,2006,17.361,20.354,13.972,23.8,11.6,0,16,30,2218.6,214,25,35.4,119.5,31,1203.24,0.672,0.559,2,1,4,1802.0,0.01,-0.262,123.119,1015.36
Western,Western,2007,17.335,20.314,13.956,22.9,11.0,0,11,32,1945.8,210,16,86.2,151.5,20,1205.09,0.788,0.558,1,0,2,1802.0,-0.016,-0.302,107.98,740.71
Western,Western,2008,17.245,20.161,13.825,22.5,9.6,0,5,23,1731.9,186,10,48.2,87.2,27,1205.09,0.783,0.555,0,0,0,1802.0,-0.107,-0.455,96.11,526.81
Western,Western,2009,17.52,20.509,14.076,22.8,10.7,0,13,49,1797.9,204,13,29.8,95.1,25,1227.18,0.765,0.552,0,0,0,1802.0,0.169,-0.107,99.772,570.72
Western,Western,2010,17.854,20.798,14.474,23.6,11.6,0,29,69,1705.7,189,16,37.5,94.6,63,1243.53,0.777,0.552,3,0,0,1802.0,0.503,0.183,94.656,462.17
Western,Western,2011,17.157,20.21,13.734,22.6,11.3,0,1,30,2222.8,233,16,31.7,95.3,25,1187.52,0.731,0.58,0,0,3,1802.0,-0.194,-0.406,123.352,1035.28
Western,Western,2012,17.191,20.252,13.802,23.3,11.1,0,11,26,2132.0,227,12,90.5,140.5,24,1195.46,0.779,0.588,0,0,1,1802.0,-0.16,-0.364,118.313,936.54
Western,Western,2013,17.512,20.532,14.159,23.8,11.4,0,17,46,1800.4,192,12,34.4,88.1,56,1213.9,0.735,0.552,0,0,0,1802.0,0.161,-0.084,99.911,586.5
Western,Western,2014,17.543,20.463,14.243,22.5,11.8,0,6,46,1816.4,210,14,34.9,105.5,29,1207.42,0.704,0.56,2,1,0,1802.0,0.192,-0.153,100.799,608.98
Western,Western,2015,17.776,20.702,14.468,23.9,11.6,0,25,76,1871.8,205,17,34.5,90.0,31,1224.77,0.674,0.56,0,0,0,1802.0,0.425,0.087,103.873,647.03
Western,Western,2016,18.198,21.107,14.921,23.3,12.1,0,53,114,1572.1,179,12,35.6,100.1,23,1256.21,0.648,0.549,3,0,0,1802.0,0.846,0.491,87.242,315.89
Western,Western,2017,17.051,22.209,12.605,25.5,9.7,0,183,0,1087.2,171,6,26.7,66.3,35,1341.34,0.591,0.496,9,8,0,1802.0,-0.3,1.594,60.333,-254.14
Western,Western,2018,16.505,21.537,12.376,24.3,9.3,0,124,0,1386.8,221,6,31.1,74.1,37,1271.12,0.709,0.517,5,4,0,1802.0,-0.846,0.921,76.959,115.68
Western,Western,2019,16.74,21.812,12.567,25.8,9.2,0,139,0,1579.4,244,7,37.0,91.9,21,1283.58,0.65,0.531,2,2,0,1802.0,-0.611,1.196,87.647,295.82
Western,Western,2020,16.892,21.829,12.842,25.7,9.7,0,157,0,1675.2,230,11,32.2,87.4,19,1274.86,0.764,0.555,1,0,0,1802.0,-0.459,1.213,92.963,400.34
Western,Western,2021,16.739,21.838,12.492,25.0,9.7,0,146,1,1232.4,221,2,30.5,61.0,24,1313.48,0.726,0.517,5,4,0,1802.0,-0.612,1.223,68.391,-81.08
Western,Western,2022,16.598,21.859,12.251,25.2,8.8,0,155,0,1450.8,202,10,29.8,74.8,57,1342.81,0.716,0.522,6,2,0,1802.0,-0.753,1.244,80.511,107.99
Western,Western,2023,17.104,22.572,12.462,27.0,9.5,0,219,0,1434.8,217,12,33.0,78.1,46,1405.94,0.618,0.526,5,1,0,1802.0,-0.247,1.957,79.623,28.86
Western,Western,2024,17.375,22.863,12.816,26.9,8.8,0,247,0,1404.3,210,12,25.9,98.0,32,1434.41,0.65,0.526,4,1,0,1802.0,0.024,2.247,77.93,-30.11
Western,Western,2025,16.483,21.455,12.551,25.2,9.3,0,98,0,1401.4,239,6,31.9,67.3,21,1341.33,0.622,0.522,5,3,0,1802.0,-0.868,0.839,77.769,60.07
