loc,month,lead,t_clim,t_anom,t_fc,t_lo,t_hi,p_clim,p_fc,p_pct,p_lo,p_hi,p_z,skill_t,skill_p,model_t,model_p,province
Eastern,2026-09,1,21.509555555555554,1.522327031983704,23.031882587539258,22.30582922778137,23.757935947297145,49.66,54.61169815692851,109.97120047710132,16.475365886824292,92.74803042703275,0.20229765830105054,0.5467608450693213,0.09870128267329858,ML,ML,Eastern
Kigali,2026-09,1,20.62,1.6119391545112687,22.23193915451127,21.505885794753382,22.957992514269158,49.263333333333335,55.32127154750894,112.29705300935572,13.310781161139566,97.33176193387831,0.2246687679095359,0.5467608450693213,0.09870128267329858,ML,ML,Kigali
Northern,2026-09,1,16.591333333333335,0.9452734551970878,17.536606788530424,16.810553428772536,18.26266014828831,86.40333333333334,92.44803913895802,106.99591737080902,26.27922912093507,158.61684915698098,0.1423303310403794,0.5467608450693213,0.09870128267329858,ML,ML,Northern
Southern,2026-09,1,18.351444444444443,0.48956160443748603,18.84100604888193,18.114952689124042,19.567059408639818,40.64666666666667,45.29360887077988,111.43252961484306,6.148025337376289,84.43919240418346,0.18495246112504463,0.5467608450693213,0.09870128267329858,ML,ML,Southern
Western,2026-09,1,17.616666666666667,0.61078405192129,18.227450718587956,17.50139735883007,18.953504078345844,101.87333333333332,104.59552264787723,102.67213138656885,22.362302059020863,186.8287432367336,0.05157587927981684,0.5467608450693213,0.09870128267329858,ML,ML,Western
Eastern,2026-10,2,21.030860215053767,1.2601886409073224,22.29104885596109,21.452815320865074,23.129282391057107,100.00333333333333,103.83964737417926,103.83618616797366,48.72845460074133,158.9508401476172,0.11467504877598472,0.3998109025843084,-0.04329986717221401,ML,clim+trend,Eastern
Kigali,2026-10,2,19.951397849462364,1.326889782879801,21.278287632342163,20.440054097246147,22.11652116743818,102.46000000000001,107.03735376173661,104.46745438389284,41.280634455289814,172.7940730681834,0.11467504877598472,0.3998109025843084,-0.04329986717221401,ML,clim+trend,Kigali
Northern,2026-10,2,16.170215053763442,0.7718121384401498,16.942027192203593,16.103793657107577,17.78026072729961,163.54666666666665,169.56577509423403,103.68036142236713,83.09729484365913,256.0342553448089,0.11467504877598472,0.3998109025843084,-0.04329986717221401,ML,clim+trend,Northern
Southern,2026-10,2,17.595268817204303,0.36205024927230506,17.957319066476607,17.11908553138059,18.795552601572624,99.57333333333332,104.23314835174006,104.67978208865165,37.29181846224367,171.17447824123644,0.11467504877598472,0.3998109025843084,-0.04329986717221401,ML,clim+trend,Southern
Western,2026-10,2,17.143655913978495,0.46197678939573794,17.605632703374233,16.767399168278217,18.44386623847025,197.5,204.22081209732653,103.40294283408937,107.67189374857179,300.76973044608127,0.11467504877598472,0.3998109025843084,-0.04329986717221401,ML,clim+trend,Western
Eastern,2026-11,3,20.378444444444444,1.0449552973508311,21.423399741795276,20.542892921490797,22.303906562099755,117.71333333333334,120.85643296842733,102.6701305163057,77.32443522064756,164.3884307162071,0.1181620012895973,0.3309964815625288,-0.02086625541433884,ML,clim+trend,Eastern
Kigali,2026-11,3,19.274222222222225,1.070455733229403,20.344677955451626,19.464171135147147,21.225184775756105,116.43,120.39352078686697,103.40420921314693,65.49867238922408,175.28836918450986,0.1181620012895973,0.3309964815625288,-0.02086625541433884,ML,clim+trend,Kigali
Northern,2026-11,3,15.807444444444446,0.5865758750992031,16.39402031954365,15.513513499239169,17.27452713984813,177.69,183.69431888296904,103.37909780120944,100.53437283100622,266.85426493493185,0.1181620012895973,0.3309964815625288,-0.02086625541433884,ML,clim+trend,Northern
Southern,2026-11,3,16.95577777777778,0.16539245094345326,17.121170228721233,16.240663408416754,18.001677049025712,110.46666666666667,114.0577892586366,103.25086535181346,64.3206638935473,163.7949146237259,0.1181620012895973,0.3309964815625288,-0.02086625541433884,ML,clim+trend,Southern
Western,2026-11,3,16.895222222222223,0.2281105393757268,17.12333276159795,16.24282594129347,18.00383958190243,206.62333333333333,213.95334356207772,103.54752297840405,112.43254377382621,315.4741433503292,0.1181620012895973,0.3309964815625288,-0.02086625541433884,ML,clim+trend,Western
Eastern,2026-12,4,20.541397849462367,1.042141465075051,21.58353931453742,20.707831515235505,22.459247113839332,77.53666666666666,81.52393070284728,105.14242384615531,28.975295800979303,134.07256560471527,0.12244348718164984,0.32975208438395887,-0.07542988245058035,ML,clim+trend,Eastern
Kigali,2026-12,4,19.513548387096773,0.9465394180769903,20.460087805173764,19.58438000587185,21.335795604475678,86.77666666666666,91.76187589301196,105.74487292245838,26.061200651153996,157.4625511348699,0.12244348718164984,0.32975208438395887,-0.07542988245058035,ML,clim+trend,Kigali
Northern,2026-12,4,16.00741935483871,0.5088077913576304,16.51622714619634,15.640519346894427,17.391934945498253,141.88,150.49099388002713,106.06920910630613,37.00566423097571,263.9763235290785,0.12244348718164984,0.32975208438395887,-0.07542988245058035,ML,clim+trend,Northern
Southern,2026-12,4,17.1952688172043,0.11318010291675111,17.30844892012105,16.432741120819138,18.184156719422965,85.78666666666666,91.63599270667937,106.81845590613854,14.547017482192132,168.7249679311666,0.12244348718164984,0.32975208438395887,-0.07542988245058035,ML,clim+trend,Southern
Western,2026-12,4,17.048817204301074,0.07760491937587112,17.126422123676946,16.250714324375032,18.00212992297886,216.37,227.32172192940325,105.0615713497265,82.98765425971905,371.65578959908737,0.12244348718164984,0.32975208438395887,-0.07542988245058035,ML,clim+trend,Western
Eastern,2027-01,5,21.22462365591398,0.9591854808768598,22.183809136790842,21.31889019239354,23.048728081188145,57.59,63.48821622333404,110.24173680037165,22.520723322052646,104.45570912461542,0.2290586411936304,0.3401764683658616,0.02770943878632781,ML,ML,Eastern
Kigali,2027-01,5,20.10430107526882,0.8739091375744467,20.978210212843265,20.113291268445963,21.84312915724057,72.39333333333335,83.91727429774119,115.91851132388965,37.58566133387797,130.2488872616044,0.3957208952236839,0.3401764683658616,0.02770943878632781,ML,ML,Kigali
Northern,2027-01,5,16.469677419354838,0.43604465369557405,16.905722073050413,16.04080312865311,17.770641017447716,117.53999999999999,137.06895232880555,116.61472888276805,51.53437985168078,222.6035248059303,0.36324750011298584,0.3401764683658616,0.02770943878632781,ML,ML,Northern
Southern,2027-01,5,17.623440860215055,0.018146677690149313,17.641587537905206,16.776668593507903,18.50650648230251,76.39333333333335,95.89612662780996,125.52944405420625,44.52072238192388,147.27153087369607,0.6039582854391612,0.3401764683658616,0.02770943878632781,ML,ML,Southern
Western,2027-01,5,17.27720430107527,-0.009215478645049388,17.26798882243022,16.403069878032916,18.132907766827522,258.62666666666667,301.0381168804814,116.39871509014851,158.45228048468883,443.62395327627405,0.47322983085235043,0.3401764683658616,0.02770943878632781,ML,ML,Western
Eastern,2027-02,6,21.867015599343187,0.9877524577788948,22.854768057122083,22.00000359393601,23.709532520308155,57.919999999999995,62.24737993355678,107.47130513390329,18.98573735642865,105.5090225106849,0.15603536057024858,0.35124562879985854,0.060716682623129015,ML,ML,Eastern
Kigali,2027-02,6,20.557159277504105,1.0451695937984815,21.602328871302586,20.747564408116514,22.457093334488658,72.67333333333333,74.54258099839046,102.57212319749169,26.29816155173645,122.78700044504447,0.060439486943871246,0.35124562879985854,0.060716682623129015,ML,ML,Kigali
Northern,2027-02,6,16.862036124794745,0.569937501588823,17.431973626383567,16.577209163197494,18.28673808956964,118.85666666666665,126.74174024636034,106.63410290800714,44.93331212843681,208.55016836428388,0.15035182674734796,0.35124562879985854,0.060716682623129015,ML,ML,Northern
Southern,2027-02,6,18.014412972085385,0.16668534111860506,18.18109831320399,17.326333850017917,19.03586277639006,72.54333333333334,80.62011887250372,111.13373919841528,28.397166804683053,132.8430709403244,0.24125600953763585,0.35124562879985854,0.060716682623129015,ML,ML,Southern
Western,2027-02,6,17.663197865353037,0.2676756797708419,17.93087354512388,17.07610908193781,18.785638008309952,231.73,235.17755746831037,101.48774758050764,97.33894493328526,373.01617000333545,0.0390158998918545,0.35124562879985854,0.060716682623129015,ML,ML,Western
Eastern,2027-03,7,21.448924731182796,0.9147111584018596,22.363635889584657,21.49796652397387,23.229305255195445,93.21666666666667,97.70328692415859,104.81310951992695,51.45435444432816,143.95221940398903,0.15663116559267365,0.30905386344964825,0.01525531957961368,ML,clim+trend,Eastern
Kigali,2027-03,7,20.128494623655914,0.9173148192823638,21.04580944293828,20.18014007732749,21.911478808549067,93.95,97.93014884098264,104.23645432781547,56.90201977235878,138.9582779096065,0.15663116559267365,0.30905386344964825,0.01525531957961368,ML,clim+trend,Kigali
Northern,2027-03,7,16.631182795698926,0.5185098330250818,17.149692628724008,16.28402326311322,18.015361994334796,185.21,192.827033385306,104.11264693337617,114.30920871641803,271.344858054194,0.15663116559267365,0.30905386344964825,0.01525531957961368,ML,clim+trend,Northern
Southern,2027-03,7,17.770967741935483,0.11453128891560667,17.88549903085109,17.0198296652403,18.75116839646188,92.88000000000001,97.96102124137856,105.47052243903806,45.584890694403306,150.33715178835382,0.15663116559267365,0.30905386344964825,0.01525531957961368,ML,clim+trend,Southern
Western,2027-03,7,17.64322580645161,0.22175366429970894,17.86497947075132,16.99931010514053,18.730648836362107,206.86333333333332,213.18281569917542,103.05490695910767,148.04039301313063,278.3252383852202,0.15663116559267365,0.30905386344964825,0.01525531957961368,ML,clim+trend,Western
Eastern,2027-04,8,20.677666666666664,0.7492905203526594,21.426957187019323,20.52748185234384,22.326432521694805,122.6,128.07029916055586,104.46190796130169,72.10062308059021,184.03997524052153,0.157164403824059,0.23322664139743854,-0.01911610132811936,ML,clim+trend,Eastern
Kigali,2027-04,8,19.52766666666667,0.7386566191186856,20.266323285785354,19.36684795110987,21.165798620460837,116.89333333333335,123.40231374585352,105.56830764159932,56.80531153316725,189.9993159585398,0.157164403824059,0.23322664139743854,-0.01911610132811936,ML,clim+trend,Kigali
Northern,2027-04,8,16.20422222222222,0.38156156256550194,16.585783784787722,15.68630845011224,17.485259119463205,194.77,202.4158605677054,103.92558431365478,124.18680457516842,280.6449165602424,0.157164403824059,0.23322664139743854,-0.01911610132811936,ML,clim+trend,Northern
Southern,2027-04,8,17.22244444444444,0.06931994549559536,17.291764389940038,16.392289055264555,18.19123972461552,119.33666666666666,126.85317221732416,106.2985717303909,49.947619417390186,203.75872501725814,0.157164403824059,0.23322664139743854,-0.01911610132811936,ML,clim+trend,Southern
Western,2027-04,8,17.246777777777776,0.05107158392351052,17.297849361701285,16.398374027025802,18.197324696376768,173.90333333333334,182.02504545495398,104.67024522529029,98.92728730315905,265.1228036067489,0.157164403824059,0.23322664139743854,-0.01911610132811936,ML,clim+trend,Western
Eastern,2027-05,9,20.74451612903226,0.7964252789524937,21.540941407984754,20.635365604133863,22.446517211835644,79.53666666666666,86.28623753439729,108.48611231850799,16.479565909639618,156.09290915915494,0.15622879486418983,0.22044014192575723,-0.04573972108162527,ML,clim+trend,Eastern
Kigali,2027-05,9,19.59688172043011,0.7610417894271693,20.357923509857276,19.452347706006385,21.263499313708166,68.18666666666667,74.4074182432705,109.12312022380303,10.07000019447203,138.74483629206895,0.15622879486418983,0.22044014192575723,-0.04573972108162527,ML,clim+trend,Kigali
Northern,2027-05,9,16.11043010752688,0.4360037524385293,16.54643385996541,15.640858056114523,17.452009663816302,126.74,135.30676335178725,106.75932093402814,46.70598444237348,223.90754226120103,0.15622879486418983,0.22044014192575723,-0.04573972108162527,ML,clim+trend,Northern
Southern,2027-05,9,17.249247311827958,0.12987655636269554,17.379123868190653,16.473548064339763,18.284699672041544,66.25,71.66246031782778,108.16975142313628,15.68470299180241,127.64021764385316,0.15622879486418983,0.22044014192575723,-0.04573972108162527,ML,clim+trend,Southern
Western,2027-05,9,17.344838709677422,0.10973779522887958,17.454576504906303,16.549000701055412,18.360152308757193,103.11333333333333,112.01115828758564,108.62917012437995,19.98641228104377,204.0359042941275,0.15622879486418983,0.22044014192575723,-0.04573972108162527,ML,clim+trend,Western
Eastern,2027-06,10,21.188222222222223,0.7108638924796544,21.899086114701877,20.976958497359558,22.821213732044196,16.296666666666667,18.952028410500656,116.29389493046016,0.0,44.82995093645481,0.16592960717849395,0.18829472334218111,-0.08750539819957948,ML,clim+trend,Eastern
Kigali,2027-06,10,19.953777777777777,0.714299947088497,20.668077724866272,19.745950107523953,21.59020534220859,12.21,14.495189916981236,118.71572413580044,0.0,36.765589709420624,0.16592960717849395,0.18829472334218111,-0.08750539819957948,ML,clim+trend,Kigali
Northern,2027-06,10,16.260444444444445,0.3876199251160992,16.648064369560544,15.725936752218226,17.570191986902863,25.65666666666667,29.785889336391225,116.09415097982806,0.0,70.02737605196774,0.16592960717849395,0.18829472334218111,-0.08750539819957948,ML,clim+trend,Northern
Southern,2027-06,10,17.313555555555556,0.08052419778749569,17.394079753343053,16.471952136000734,18.316207370685373,13.103333333333333,15.864324846599036,121.07090953904122,0.0,42.771666055764875,0.16592960717849395,0.18829472334218111,-0.08750539819957948,ML,clim+trend,Southern
Western,2027-06,10,17.415555555555557,0.07092073016377527,17.48647628571933,16.56434866837701,18.40860390306165,36.193333333333335,41.951262900805844,115.90881258281223,0.0,98.06537074428685,0.16592960717849395,0.18829472334218111,-0.08750539819957948,ML,clim+trend,Western
Eastern,2027-07,11,21.63268817204301,0.7574720443525061,22.39016021639552,21.441140501368125,23.339179931422912,4.823333333333333,5.990580155463968,124.20000322316452,0.0,17.41433604335769,0.16577285459158947,0.1454105689102576,-0.0834460892670581,ML,clim+trend,Eastern
Kigali,2027-07,11,20.539892473118282,0.7819278881285323,21.321820361246814,20.37280064621942,22.270840076274208,3.46,4.461791079557052,128.95349940916338,0.0,14.266244196541834,0.16577285459158947,0.1454105689102576,-0.0834460892670581,ML,clim+trend,Kigali
Northern,2027-07,11,16.589462365591398,0.48720618716913267,17.07666855276053,16.127648837733137,18.025688267787924,10.503333333333334,12.934237326119971,123.14411925852083,0.0,36.72530985164684,0.16577285459158947,0.1454105689102576,-0.0834460892670581,ML,clim+trend,Northern
Southern,2027-07,11,17.53688172043011,0.24589058109029238,17.782772301520403,16.83375258649301,18.731792016547796,4.323333333333333,5.3699970553135365,124.20964661480811,0.0,15.61361531146838,0.16577285459158947,0.1454105689102576,-0.0834460892670581,ML,clim+trend,Southern
Western,2027-07,11,17.32032258064516,0.261389374711083,17.581711955356244,16.63269224032885,18.530731670383638,16.09,19.215693751543277,119.42631293687555,0.0,49.806620812511426,0.16577285459158947,0.1454105689102576,-0.0834460892670581,ML,clim+trend,Western
Eastern,2027-08,12,21.91913978494624,0.6295415376095209,22.54868132255576,21.553737783061877,23.54362486204964,24.983333333333334,28.389177172734332,113.63246366671513,0.0,61.38673484982057,0.1677023809986193,0.05831671106477543,-0.10674999814192598,ML,clim+trend,Eastern
Kigali,2027-08,12,21.039569892473118,0.6596429747895872,21.699212867262705,20.704269327768824,22.694156406756587,19.773333333333333,22.696103242061206,114.78137175688404,0.0,51.013393519545616,0.1677023809986193,0.05831671106477543,-0.10674999814192598,ML,clim+trend,Kigali
Northern,2027-08,12,16.89763440860215,0.40202789085717866,17.29966229945933,16.30471875996545,18.294605838953213,44.54666666666667,49.93614672864184,112.09850358120735,0.0,102.15218703476742,0.1677023809986193,0.05831671106477543,-0.10674999814192598,ML,clim+trend,Northern
Southern,2027-08,12,18.339032258064513,0.09832883498661343,18.437361093051127,17.442417553557245,19.43230463254501,17.540000000000003,20.450372737724443,116.59277501553272,0.0,48.64755287965715,0.1677023809986193,0.05831671106477543,-0.10674999814192598,ML,clim+trend,Southern
Western,2027-08,12,17.618817204301074,0.17952772810812345,17.798344932409197,16.803401392915315,18.79328847190308,53.11333333333334,60.0369449823378,113.0355434586503,0.0,127.11643702444852,0.1677023809986193,0.05831671106477543,-0.10674999814192598,ML,clim+trend,Western
