loc,province,year,T_trend,T_lo,T_hi,R_trend,R_lo,R_hi,T_cmip,R_cmip
Eastern,Eastern,2026,21.31,21.07,21.61,788.62,732.85,855.11,21.49,854.66
Eastern,Eastern,2027,21.32,21.06,21.63,788.01,729.14,858.2,21.58,848.55
Eastern,Eastern,2028,21.32,21.05,21.66,787.4,725.43,861.28,21.69,841.02
Eastern,Eastern,2029,21.33,21.04,21.68,786.79,721.73,864.36,21.76,861.77
Eastern,Eastern,2030,21.33,21.03,21.7,786.18,718.02,867.45,21.73,854.47
Eastern,Eastern,2031,21.34,21.03,21.72,785.57,714.31,870.53,21.79,850.15
Eastern,Eastern,2032,21.34,21.02,21.75,784.96,710.6,873.62,21.84,848.83
Eastern,Eastern,2033,21.35,21.01,21.77,784.35,706.89,876.7,21.93,837.16
Eastern,Eastern,2034,21.36,21.0,21.79,783.74,703.18,879.78,22.01,821.77
Eastern,Eastern,2035,21.36,20.99,21.81,783.13,699.48,882.87,22.11,810.9
Eastern,Eastern,2036,21.37,20.99,21.83,782.52,695.77,885.95,22.2,789.93
Eastern,Eastern,2037,21.37,20.98,21.86,781.91,692.06,889.04,22.25,798.13
Eastern,Eastern,2038,21.38,20.97,21.88,781.3,688.35,892.12,22.24,819.13
Eastern,Eastern,2039,21.38,20.96,21.9,780.69,684.64,895.2,22.24,812.83
Eastern,Eastern,2040,21.39,20.95,21.92,780.08,680.93,898.29,22.22,820.78
Eastern,Eastern,2041,21.39,20.95,21.95,779.47,677.23,901.37,22.33,824.54
Eastern,Eastern,2042,21.4,20.94,21.97,778.86,673.52,904.46,22.32,849.91
Eastern,Eastern,2043,21.41,20.93,21.99,778.25,669.81,907.54,22.38,845.45
Eastern,Eastern,2044,21.41,20.92,22.01,777.64,666.1,910.62,22.41,843.31
Eastern,Eastern,2045,21.42,20.91,22.04,777.03,662.39,913.71,22.43,862.18
Eastern,Eastern,2046,21.42,20.91,22.06,776.42,658.68,916.79,22.45,873.47
Eastern,Eastern,2047,21.43,20.9,22.08,775.81,654.98,919.88,22.43,893.97
Eastern,Eastern,2048,21.43,20.89,22.1,775.2,651.27,922.96,22.43,906.59
Eastern,Eastern,2049,21.44,20.88,22.12,774.59,647.56,926.04,22.47,900.54
Eastern,Eastern,2050,21.44,20.87,22.15,773.98,643.85,929.13,22.53,918.04
Kigali,Kigali,2026,20.38,20.19,20.53,841.15,773.26,924.57,20.38,868.08
Kigali,Kigali,2027,20.39,20.19,20.56,842.42,770.76,930.48,20.47,861.87
Kigali,Kigali,2028,20.41,20.2,20.58,843.7,768.26,936.39,20.58,854.23
Kigali,Kigali,2029,20.42,20.2,20.6,844.97,765.77,942.3,20.65,875.3
Kigali,Kigali,2030,20.44,20.21,20.63,846.25,763.27,948.21,20.62,867.89
Kigali,Kigali,2031,20.46,20.22,20.65,847.52,760.77,954.12,20.68,863.5
Kigali,Kigali,2032,20.47,20.22,20.68,848.8,758.28,960.03,20.73,862.16
Kigali,Kigali,2033,20.49,20.23,20.7,850.07,755.78,965.94,20.81,850.3
Kigali,Kigali,2034,20.5,20.23,20.73,851.35,753.28,971.85,20.9,834.67
Kigali,Kigali,2035,20.52,20.24,20.75,852.62,750.79,977.76,21.0,823.63
Kigali,Kigali,2036,20.53,20.24,20.78,853.9,748.29,983.67,21.09,802.34
Kigali,Kigali,2037,20.55,20.25,20.8,855.17,745.79,989.58,21.14,810.66
Kigali,Kigali,2038,20.57,20.25,20.83,856.45,743.3,995.49,21.13,831.99
Kigali,Kigali,2039,20.58,20.26,20.85,857.72,740.8,1001.4,21.12,825.6
Kigali,Kigali,2040,20.6,20.26,20.87,859.0,738.3,1007.3,21.11,833.66
Kigali,Kigali,2041,20.61,20.27,20.9,860.27,735.81,1013.21,21.22,837.49
Kigali,Kigali,2042,20.63,20.28,20.92,861.55,733.31,1019.12,21.21,863.25
Kigali,Kigali,2043,20.65,20.28,20.95,862.82,730.81,1025.03,21.27,858.72
Kigali,Kigali,2044,20.66,20.29,20.97,864.1,728.32,1030.94,21.29,856.55
Kigali,Kigali,2045,20.68,20.29,21.0,865.38,725.82,1036.85,21.32,875.71
Kigali,Kigali,2046,20.69,20.3,21.02,866.65,723.32,1042.76,21.33,887.19
Kigali,Kigali,2047,20.71,20.3,21.05,867.92,720.83,1048.67,21.32,908.01
Kigali,Kigali,2048,20.73,20.31,21.07,869.2,718.33,1054.58,21.32,920.83
Kigali,Kigali,2049,20.74,20.31,21.1,870.47,715.83,1060.49,21.36,914.68
Kigali,Kigali,2050,20.76,20.32,21.12,871.75,713.34,1066.4,21.41,932.45
Northern,Northern,2026,16.94,16.8,17.11,1282.56,1191.34,1373.97,16.69,1485.05
Northern,Northern,2027,16.97,16.82,17.14,1278.83,1182.54,1375.31,16.79,1474.44
Northern,Northern,2028,17.0,16.84,17.18,1275.1,1173.74,1376.66,16.9,1461.35
Northern,Northern,2029,17.02,16.86,17.22,1271.37,1164.94,1378.01,16.96,1497.41
Northern,Northern,2030,17.05,16.88,17.25,1267.64,1156.14,1379.35,16.93,1484.73
Northern,Northern,2031,17.08,16.9,17.29,1263.91,1147.34,1380.7,16.99,1477.22
Northern,Northern,2032,17.11,16.92,17.33,1260.17,1138.54,1382.04,17.04,1474.93
Northern,Northern,2033,17.13,16.94,17.37,1256.44,1129.74,1383.39,17.13,1454.64
Northern,Northern,2034,17.16,16.96,17.4,1252.71,1120.94,1384.74,17.22,1427.91
Northern,Northern,2035,17.19,16.98,17.44,1248.98,1112.14,1386.08,17.31,1409.02
Northern,Northern,2036,17.22,17.0,17.48,1245.25,1103.34,1387.43,17.41,1372.59
Northern,Northern,2037,17.24,17.02,17.51,1241.51,1094.54,1388.77,17.45,1386.82
Northern,Northern,2038,17.27,17.04,17.55,1237.78,1085.74,1390.12,17.44,1423.32
Northern,Northern,2039,17.3,17.06,17.59,1234.05,1076.94,1391.47,17.44,1412.38
Northern,Northern,2040,17.33,17.08,17.62,1230.32,1068.14,1392.81,17.43,1426.18
Northern,Northern,2041,17.36,17.1,17.66,1226.59,1059.34,1394.16,17.53,1432.72
Northern,Northern,2042,17.38,17.12,17.7,1222.86,1050.54,1395.51,17.53,1476.79
Northern,Northern,2043,17.41,17.14,17.74,1219.12,1041.74,1396.85,17.58,1469.04
Northern,Northern,2044,17.44,17.16,17.77,1215.39,1032.94,1398.2,17.61,1465.33
Northern,Northern,2045,17.47,17.18,17.81,1211.66,1024.14,1399.54,17.64,1498.11
Northern,Northern,2046,17.49,17.2,17.85,1207.93,1015.34,1400.89,17.65,1517.74
Northern,Northern,2047,17.52,17.22,17.88,1204.2,1006.54,1402.24,17.64,1553.37
Northern,Northern,2048,17.55,17.24,17.92,1200.46,997.74,1403.58,17.63,1575.29
Northern,Northern,2049,17.58,17.26,17.96,1196.73,988.94,1404.93,17.67,1564.78
Northern,Northern,2050,17.6,17.28,17.99,1193.0,980.14,1406.27,17.73,1595.18
Southern,Southern,2026,17.54,17.34,17.75,1073.72,957.44,1208.76,17.91,851.42
Southern,Southern,2027,17.54,17.33,17.76,1088.26,965.52,1230.8,18.0,845.34
Southern,Southern,2028,17.54,17.32,17.77,1102.8,973.59,1252.84,18.11,837.84
Southern,Southern,2029,17.54,17.31,17.78,1117.33,981.67,1274.88,18.18,858.51
Southern,Southern,2030,17.54,17.3,17.79,1131.87,989.75,1296.92,18.15,851.24
Southern,Southern,2031,17.54,17.29,17.81,1146.41,997.83,1318.96,18.21,846.93
Southern,Southern,2032,17.54,17.28,17.82,1160.95,1005.9,1341.0,18.26,845.62
Southern,Southern,2033,17.54,17.27,17.83,1175.49,1013.98,1363.04,18.34,833.99
Southern,Southern,2034,17.54,17.26,17.84,1190.02,1022.06,1385.08,18.43,818.66
Southern,Southern,2035,17.54,17.25,17.85,1204.56,1030.14,1407.12,18.53,807.83
Southern,Southern,2036,17.54,17.24,17.87,1219.1,1038.22,1429.16,18.62,786.94
Southern,Southern,2037,17.54,17.23,17.88,1233.64,1046.29,1451.2,18.66,795.11
Southern,Southern,2038,17.54,17.22,17.89,1248.17,1054.37,1473.24,18.66,816.03
Southern,Southern,2039,17.54,17.21,17.9,1262.71,1062.45,1495.28,18.65,809.76
Southern,Southern,2040,17.54,17.2,17.92,1277.25,1070.53,1517.32,18.64,817.67
Southern,Southern,2041,17.54,17.19,17.93,1291.79,1078.6,1539.36,18.75,821.42
Southern,Southern,2042,17.54,17.18,17.94,1306.33,1086.68,1561.4,18.74,846.69
Southern,Southern,2043,17.54,17.17,17.95,1320.86,1094.76,1583.44,18.8,842.24
Southern,Southern,2044,17.54,17.16,17.96,1335.4,1102.84,1605.48,18.82,840.12
Southern,Southern,2045,17.54,17.15,17.98,1349.94,1110.92,1627.52,18.85,858.91
Southern,Southern,2046,17.54,17.14,17.99,1364.48,1118.99,1649.56,18.86,870.17
Southern,Southern,2047,17.54,17.13,18.0,1379.02,1127.07,1671.6,18.85,890.59
Southern,Southern,2048,17.54,17.12,18.01,1393.55,1135.15,1693.64,18.84,903.16
Southern,Southern,2049,17.55,17.11,18.02,1408.09,1143.23,1715.68,18.89,897.13
Southern,Southern,2050,17.55,17.09,18.04,1422.63,1151.3,1737.72,18.94,914.56
Western,Western,2026,17.15,16.92,17.34,1406.63,1317.6,1526.86,17.66,1920.6
Western,Western,2027,17.14,16.9,17.34,1388.57,1294.59,1515.47,17.76,1906.88
Western,Western,2028,17.13,16.88,17.34,1370.5,1271.58,1504.08,17.87,1889.96
Western,Western,2029,17.12,16.85,17.34,1352.43,1248.56,1492.7,17.93,1936.59
Western,Western,2030,17.11,16.83,17.35,1334.37,1225.55,1481.31,17.9,1920.18
Western,Western,2031,17.1,16.81,17.35,1316.3,1202.54,1469.92,17.96,1910.48
Western,Western,2032,17.1,16.79,17.35,1298.23,1179.52,1458.53,18.01,1907.52
Western,Western,2033,17.09,16.77,17.35,1280.17,1156.51,1447.15,18.1,1881.28
Western,Western,2034,17.08,16.75,17.35,1262.1,1133.5,1435.76,18.18,1846.7
Western,Western,2035,17.07,16.72,17.36,1244.03,1110.48,1424.37,18.28,1822.27
Western,Western,2036,17.06,16.7,17.36,1225.97,1087.47,1412.98,18.38,1775.15
Western,Western,2037,17.05,16.68,17.36,1207.9,1064.46,1401.6,18.42,1793.57
Western,Western,2038,17.04,16.66,17.36,1189.83,1041.45,1390.21,18.41,1840.76
Western,Western,2039,17.03,16.64,17.36,1171.77,1018.43,1378.82,18.41,1826.62
Western,Western,2040,17.02,16.62,17.37,1153.7,995.42,1367.43,18.39,1844.47
Western,Western,2041,17.02,16.59,17.37,1135.63,972.41,1356.05,18.5,1852.92
Western,Western,2042,17.01,16.57,17.37,1117.57,949.39,1344.66,18.49,1909.93
Western,Western,2043,17.0,16.55,17.37,1099.5,926.38,1333.27,18.55,1899.9
Western,Western,2044,16.99,16.53,17.37,1081.43,903.37,1321.88,18.58,1895.1
Western,Western,2045,16.98,16.51,17.37,1063.37,880.36,1310.5,18.61,1937.5
Western,Western,2046,16.97,16.49,17.38,1045.3,857.34,1299.11,18.62,1962.89
Western,Western,2047,16.96,16.47,17.38,1027.23,834.33,1287.72,18.61,2008.96
Western,Western,2048,16.95,16.44,17.38,1009.17,811.32,1276.33,18.6,2037.31
Western,Western,2049,16.95,16.42,17.38,991.1,788.3,1264.95,18.64,2023.71
Western,Western,2050,16.94,16.4,17.38,973.03,765.29,1253.56,18.7,2063.03
