Corridor,Class,Length km,Flow veh/h,v/c (mean),v/c (max),Speed km/h,Free-flow km/h,Delay veh-h,Veh-km,Main sector,Level of service,Rank
NR9,primary,40.880673100818996,4675.86701936994,4.6758670193699405,8.375943711581016,0.1349825997744158,50.0,5054242.296529572,381950.14001898095,Kibeho,Congested,1
KN 3 Road,trunk,13.757336791577963,17761.237925593712,5.944537802736335,10.942567077639593,0.09053566878913402,53.19311311311851,4518768.902052682,244347.33197774022,Kicukiro,Congested,2
NR8,primary,71.08736072877153,4124.036361731856,4.124036361731856,7.141114150268825,0.30846153190641484,49.99999999999999,3141637.560430525,586333.7210100059,Mugombwa,Congested,3
NR22,primary,44.761069775361065,3575.603885985793,3.5756038859857933,7.1341055538629305,0.2560477134230378,50.0,2481529.062617898,320095.7100593245,Kiyombe,Congested,4
NR21,primary,75.33427964924299,3326.2177517376704,3.32621775173767,7.283451945415279,0.7461453834183854,49.99999999999999,1249648.8194083027,501156.4365673639,Kagogo,Congested,5
NR6,primary,144.5927879761147,2590.1227856568044,2.590122785656804,5.960388409219705,1.5259221616192553,49.999999999999986,982296.9607813589,744854.6630202988,Muyira,Congested,6
NR17,primary,124.85197070201689,2908.5474149294096,2.90854741492941,8.292150859064018,1.3070188365879385,50.0,955723.1399685675,725603.5609277679,Rongi,Congested,7
NR1,trunk,123.33655955155768,6719.029609620721,2.23967653654024,9.902754247719123,4.361341438990175,59.836521194030766,759510.3334456934,1642356.9224023928,Ruhango (1),Congested,8
NR18,primary,77.48636022763353,3481.3035184908995,3.4813035184909005,7.351299331620952,1.0526527651732525,49.99999999999999,750770.8719318511,538892.9128931141,Gataraga,Congested,9
DR33,primary,23.678647576165332,4442.221350043016,4.442221350043016,7.351299331620952,0.5210360918883298,50.00000000000001,545292.7589388542,210371.5876059719,Cyanzarwe,Congested,10
Kigali-Gatuna Road,trunk,50.71305106013861,8107.724268264846,2.702574756088282,4.651272784092338,2.377566613788862,60.0,514489.0425425004,805770.2517607656,Mutete,Congested,11
NR23,primary,51.40740051981859,3525.9434873971545,3.525943487397155,5.078877457172857,0.9759643215892899,50.00000000000001,497154.3404202362,362519.1781337429,Bukure,Congested,12
NR19,primary,67.46657137959185,1959.9994242037567,1.9599994242037566,7.2464092322548765,1.6260997942932778,50.94307745802136,481507.9447373233,262606.90223658946,Base,Congested,13
NR2,trunk,106.24843526715244,5667.046832493554,2.2047188133233613,5.406418812784369,3.8829534978716183,60.0,461427.2395089149,1198693.4274940381,Kanyinya,Congested,14
NR20,primary,36.2974781911826,2737.6691157766895,2.7376691157766895,5.117556014272686,0.9534532507789019,50.00000000000001,381919.32149561687,198591.48370977386,Nemba (2),Congested,15
KN 1 Road,trunk,4.431793728207622,14325.399085487132,4.77513302849571,6.848574580373097,0.2399701420677612,40.0,370675.37497982814,63487.213821133075,Muhima,Congested,16
NR16,primary,98.67030670506588,2164.584256506454,2.1645842565064544,4.7340038137318805,2.272364401360716,50.0,361103.16746464866,427160.38495689764,Rugendabari,Congested,17
KN7 Road,primary,3.6841027159852753,4420.337318657832,4.4203373186578325,8.21488664110005,0.1567110258019456,39.99999999999999,331384.81470800936,29194.53926245433,Muhima,Congested,18
NR 19,primary,70.21716003186233,2484.416516028888,2.484416516028888,4.980723390566418,2.104962395654106,49.9951208252268,300754.2335970917,348783.8923456827,Nyagatare,Congested,19
NR4,trunk,133.67664391691548,4808.495869958268,1.6028319566527558,9.902754247719123,8.687887827278638,45.06404878291274,274656.13248046325,1276158.9066353994,Rusororo,Congested,20
NR25,primary,175.61466871027534,1974.436556513427,1.9744365565134265,6.221432773246061,3.4556860053158784,41.92503987964052,269793.34329794545,488407.74091824447,Mpanga,Congested,21
KN 7 Road,primary,2.3604489926987213,5117.186803490927,5.117186803490926,7.942252071735139,0.12844922574968246,41.47874144098795,252813.3574038949,21045.61462221025,Muhima,Congested,22
KN 5 Road,primary,13.935794569698821,8381.022207665157,3.910162799088796,16.09523956237344,0.674021957072739,40.789944862500164,245159.13425992976,116796.20377010532,Kimihurura,Congested,23
NR10,primary,115.33379438394716,2229.8744468954123,2.22861162815875,4.917023796347567,3.5927669782077976,50.0032109285654,242098.32010376634,514107.22256320727,Butare,Congested,24
KK 15 Road,trunk,27.775818861854894,9527.34716986524,3.175782389955079,5.123443181097686,1.6067250085972158,60.0,237453.7191927207,264629.86922418274,Gahanga,Congested,25
Avenue de l'Indépendance,trunk,13.780011555112099,5866.113729111885,3.91074248607459,5.935033945009402,0.9380161164413039,60.0,229310.7693614412,161670.229941527,Rugerero,Congested,26
KK 3 Road,trunk,1.786556829490386,15575.873583550156,5.1919578611833845,6.205862557720304,0.27304729349353923,40.0,228029.81210013267,55654.36665194084,Nyarugunga,Congested,27
KK 3 Rd,trunk,5.4402665139831745,9654.309111896153,3.2181030372987176,4.980684900972358,0.9385961708451831,48.21140784196748,168697.29428836296,105044.02915418256,Nyarugunga,Congested,28
DR37,primary,14.959620675312339,3650.488597169863,3.650488597169863,5.055407901071567,0.9634902309468104,50.00000000000001,150753.90923969567,109219.84938642844,Nyange (2),Congested,29
NR7,primary,112.06701867334714,1976.231207128225,1.9762312071282255,4.923508763594931,5.721008300502819,49.99999999999999,120320.4784358486,442940.67918418034,Bweramana,Congested,30
NR11,trunk,165.72932679504862,4530.255669978443,1.5100852233261477,3.1931268326228075,16.98029636921349,59.92108036635427,117919.99299801287,1498389.628917784,Bwishyura,Congested,31
NR12,primary,84.16456966915493,1591.2575428819653,1.5912575428819653,5.6885641015918855,6.156016351155311,49.99999999999999,115425.26719020488,267855.0126589149,Uwinkingi,Congested,32
NR24,trunk,76.52839471285344,4162.582073523532,1.387527357841177,4.130740209872775,10.269413443096981,40.021794584349074,103905.93324822214,633160.2451300713,Kabarore,Congested,33
NR13,primary,69.27734998633144,2077.172980503959,2.077172980503959,5.621660315667323,6.187620483823857,50.0,65611.51556269154,287802.079105048,Kaduha,Congested,34
Nyagatare - Ryabega Road,primary,38.234629470138174,2733.619196379314,2.733619196379314,6.384642544018726,4.0531839674876675,49.99999999999999,59871.34269109707,209037.83417203987,Musheri,Congested,35
NR14,primary,112.65880803392963,1446.012050750702,1.446012050750702,3.685216869161688,10.300815201628586,50.00000000000001,51663.74058459239,325811.98808054446,Mutuntu,Congested,36
NR5,trunk,42.927828441817425,4869.056170665214,1.6230187235550713,3.260192767689639,11.714426968950557,60.0,49616.72066807512,417805.15856887505,Mayange,Congested,37
KN 1 Rd,trunk,0.7889838586574471,12331.801268314113,4.1106004227713715,8.182068032508116,0.324693100093326,40.0,46975.90918004549,9729.59214887127,Kimisagara,Congested,38
KN 5 Rd,primary,1.3040988747715847,10212.044077477023,4.143912568537293,6.205862557720304,0.5034763493847048,41.20954161026371,42402.1559544155,13317.515190555612,Kimihurura,Congested,39
NR15,trunk,61.52909688425939,4542.66330363506,1.514221101211687,3.4671742513193293,17.435121621026642,60.0,38807.91869550237,558219.5429096573,Mukura (2),Congested,40
NR3,trunk,28.69411366383493,3625.446782829846,1.208482260943282,3.004441803702244,11.231652388132202,60.0,37357.54152737224,207889.12225701194,Cyumba,Congested,41
Ruhengeri - Gisenyi Road,trunk,2.2019754997985164,9897.30978862159,3.299103262873863,5.257754257717415,1.639684900091304,59.99999999999999,37319.18234328838,43587.26733692155,Muhoza,Congested,42
KN3 Road,trunk,2.17284960295485,12854.904612300777,4.2849682041002595,4.298256452425893,1.1615451335484324,60.0,23606.39223057097,27931.77438286021,Gikondo,Congested,43
Musanze - Rubavu Road,trunk,21.784299332446015,6702.882540764763,2.2342941802549214,2.3480333849932684,12.491254239166809,60.00000000000001,18715.80916761326,292035.1993164917,Kimonyi,Congested,44
Kisoro - Cyanika Road,primary,9.470886911825088,2928.5476654315,2.9285476654315006,3.628292177246394,3.192687854777246,50.0,18668.20200686568,55471.88751038222,outside,Congested,45
Ruhengeri-Gisenyi Road,trunk,5.695628192224925,4786.672549933318,3.1911150332888787,3.617487576815117,3.292044423937619,60.0,16681.687729207348,54526.21424469876,Nyakiriba,Congested,46
Sonatubes,trunk,0.19911282212774967,15272.731395934026,5.090910465311342,7.416275466382242,0.27909965087248434,60.0,14897.858160117656,3040.9966498435097,Remera (1),Congested,47
Nyabugogo Boulevard,trunk,0.27379489012624586,13755.412519851388,4.585137506617129,6.776232090663962,0.37362249412565157,59.99999999999999,14402.516878409984,3766.1616595138976,Kimisagara,Congested,48
DR58,primary,5.965184223284165,2714.7021103040643,2.7147021103040645,3.2564318385191795,4.5020400457173215,49.99999999999999,7420.219068572162,32387.396398604065,Matimba,Congested,49
trunk (OSM way 507295266),trunk,4.275557362648962,4883.758120620279,1.6279193735400932,3.1246640929548493,9.816547436860576,80.00000000000001,7163.611164370367,41761.57598002938,Mwulire,Congested,50
Kabale-Kisoro road,primary,37.89271123491128,1352.9431267323266,1.3529431267323269,2.251353444982436,17.064855804427815,50.00000000000001,6577.1991802990015,102533.36643705206,outside,Congested,51
Kisoro - Kabale Road,primary,35.675586412714864,1378.9355497440529,1.3789355497440532,2.6981689840943863,16.57812827544719,49.999999999999986,6547.733382612786,98388.66872491688,outside,Congested,52
DR71,primary,0.21432506650403657,6589.970111951392,4.818905594224894,7.461367395034182,0.25919774953542474,50.00000000000001,6072.453292417605,1412.3957825035955,Kimihurura,Congested,53
RN 19,primary,0.5499215542386029,3129.9604077493264,3.1299604077493264,4.980723390566418,1.0558074721939157,50.00000000000001,5062.547871086378,3442.4653842696007,Mimuri,Congested,54
primary (OSM way 198290782),primary,10.26625972534113,2067.364054479798,2.067364054479798,2.6981689840943863,9.443902398638183,50.0,4592.754125527509,42448.19266024779,outside,Congested,55
primary (OSM way 49987394),primary,9.948986149303245,2067.364054479798,2.067364054479798,2.6981689840943863,9.443902398638183,50.00000000000001,4450.817376969315,41136.352687173814,outside,Congested,56
Rubavu-Karongi Road,trunk,68.92163569478909,3476.4941503305977,1.1588313834435326,1.6912515991251917,42.9266433036807,60.0,3917.8150158140056,479211.32664830156,Gihango,Congested,57
Kayonza - Kagitumba Road,trunk,40.26679225907895,3717.5686216693302,1.2391895405564433,1.7268372048339806,38.66662069590743,60.000000000000014,3529.1282719447286,299389.1267952587,Matimba,Congested,58
primary (OSM way 198303248),primary,7.1370332525429685,2067.3640544797986,2.0673640544797984,2.6981689840943863,9.443902398638182,49.99999999999999,3192.8511251018995,29509.692003868753,outside,Congested,59
African Union Boulevard,trunk,0.20687597092634052,13628.047481136926,4.5426824937123085,4.773070430318577,0.9160872962169483,60.0,3049.9505679112567,2819.3155544904707,Kicukiro,Congested,60
primary (OSM way 680562915),primary,0.017754242278376752,4673.631868227634,4.673631868227634,8.375943711581016,0.13505806385031863,50.0,2195.8428481472233,165.95358501691197,Kibeho,Congested,61
primary_link (OSM way 1346556058),primary_link,0.03172334755923971,6384.642544018727,6.384642544018726,6.384642544018726,0.13985935655657977,35.0,1442.3981661780088,202.54223446541448,Nyagatare,Congested,62
primary_link (OSM way 1346556050),primary_link,0.02294077174030259,6529.043400636451,6.529043400636451,6.529043400636451,0.12793465101257115,35.0,1166.484617133867,149.7812943365298,Nyagatare,Congested,63
primary_link (OSM way 1432279112),primary_link,0.022032270616141377,6529.04340063645,6.529043400636451,6.529043400636451,0.12793465101257115,35.0,1120.2894586631915,143.84965106735424,Nyagatare,Congested,64
primary (OSM way 1065807214),primary,2.1202496245654663,2067.364054479798,2.0673640544797984,2.6981689840943863,9.443902398638185,50.00000000000001,948.523169186393,8766.655720701863,outside,Congested,65
primary (OSM way 940396545),primary,2.003586181341568,2067.364054479798,2.067364054479798,2.6981689840943863,9.443902398638183,49.99999999999999,896.3321546884621,8284.284102716,outside,Congested,66
DR17,primary,2.2476932916600942,1874.884123540977,1.874884123540977,2.579392255304774,11.209086420652357,50.0,784.7270202124477,8428.32893424614,Murambi (1),Congested,67
primary (OSM way 1266041533),primary,1.4955488287010634,2067.364054479798,2.0673640544797984,2.6981689840943863,9.443902398638185,49.99999999999999,669.0545765163184,6183.687780351888,outside,Congested,68
primary_link (OSM way 1432279111),primary_link,0.01132206739723407,6529.043400636452,6.529043400636452,6.529043400636451,0.12793465101257115,35.0,575.7006609252031,73.92226942147224,Nyagatare,Congested,69
Kabale - Kisoro Road,primary,2.913623188012064,1352.9431267323266,1.3529431267323269,2.251353444982436,17.064855804427815,50.0,505.7299786518688,7883.932932217703,outside,Congested,70
Boulevard Kanyamuhanga,primary,1.9423596696015335,1679.7679337872207,1.6797679337872204,2.6981689840943863,9.286163614914317,50.0,458.91939690360095,3262.7134888781966,outside,Congested,71
primary (OSM way 940396546),primary,0.9214117955000379,2067.3640544797986,2.0673640544797984,2.6981689840943863,9.443902398638182,50.00000000000001,412.2063865817395,3809.787250780938,outside,Congested,72
primary (OSM way 1266041537),primary,0.9190268439141023,2067.3640544797986,2.067364054479799,2.6981689840943863,9.443902398638182,50.000000000000014,411.1394453072604,3799.9261244200625,outside,Congested,73
primary (OSM way 218559083),primary,2.0764077767910805,1352.9431267323266,1.3529431267323266,2.251353444982436,17.06485580442782,49.99999999999999,360.4109360982954,5618.5232598060875,outside,Congested,74
NR19;NR3,trunk,0.12230930212365629,4628.495487927208,1.5428318293090693,4.865753415316887,4.669404438506792,59.99999999999999,332.4681894073906,566.1080530108688,Kageyo (2),Congested,75
primary (OSM way 1536245386),primary,0.6900569800575993,2067.364054479798,2.0673640544797984,2.6981689840943863,9.443902398638185,50.0,308.7065909881103,2853.197992227928,outside,Congested,76
RN2,trunk,62.44988641015695,2065.127232659206,0.6883757442197354,0.8993896613647955,56.983063786277945,59.99999999999999,286.620117990987,257569.91971455252,outside,Busy,77
KG 7 Avenue,primary,0.14122791894637182,5854.795965359866,2.927397982679933,3.730683697517091,3.177166872195746,40.0,249.2923410278071,826.860650043388,Kimihurura,Congested,78
Rwamagana-Kayonza Road,trunk,3.269462759746365,2817.90191679605,0.9393006389320169,1.9712171659227098,31.767634639502674,40.0,194.6786447814062,18426.050755165168,Kigabiro,Near capacity,79
primary (OSM way 1536250985),primary,0.43452831954070914,2067.364054479798,2.0673640544797984,2.6981689840943863,9.443902398638183,50.0,194.39228946283208,1796.6564569439477,outside,Congested,80
primary (OSM way 859138322),primary,0.1439049984863175,1687.0304237290004,1.6870304237290004,3.3637181309682345,4.716308204491988,49.99999999999998,185.90673116440055,485.5442211461868,Ngororero,Congested,81
Avenue de la Corniche,primary,0.4324360241153772,1959.231388746521,1.9592313887465211,2.6981689840943863,10.711731310341143,49.99999999999999,139.1602526210589,1446.5215464286443,outside,Congested,82
primary (OSM way 1536245385),primary,0.25020555391720667,2067.3640544797986,2.067364054479798,2.6981689840943863,9.443902398638183,50.00000000000001,111.93293572601127,1034.5319367992804,outside,Congested,83
Rubavu - Karongi Road,trunk,2.1904064568188706,3457.5895117502955,1.1525298372500985,1.3766839612402284,45.27914371641459,60.0,92.56697441986829,15147.052783134108,Mushonyi,Congested,84
Boulevard Karisimbi,primary,0.9199717157033774,1776.013177374309,1.776013177374309,1.9978486949000704,17.98961761218794,49.99999999999999,91.88724052730844,2352.950956290029,outside,Congested,85
KN 3 Rd,trunk,0.027773140963149687,5516.0840472323125,1.8386946824107706,3.567076645367588,3.132689347110279,50.16846943514369,88.70149361638452,153.19897980836424,Remera (1),Congested,86
primary (OSM way 508291409),primary,0.19672349219482294,2698.168984094386,2.6981689840943863,2.6981689840943863,5.586584029880022,50.0,84.39626137774371,530.7932250828053,outside,Congested,87
RN28,primary,0.21209258064644498,2058.3306013326132,2.0583306013326133,2.6981689840943863,9.538213958485663,50.0,82.27036814110083,767.1397139025563,outside,Congested,88
primary_link (OSM way 1346556051),primary_link,0.042517456937916503,3289.2883895639256,3.2892883895639256,3.289288389563926,1.885880394819838,35.0,70.1617246045206,139.85217745967293,Nyagatare,Congested,89
NR4;NR24,trunk,0.10490309564125153,4444.895293129714,1.4816317643765717,3.8528473526521783,15.619883648305157,60.00000000000001,47.01324346917768,466.28327605053516,Mukarange (2),Congested,90
Rond-point BDEGL,primary,0.32206040709639183,1830.792031053264,1.830792031053264,2.6981689840943863,13.028233924772108,50.0,44.8866320769844,589.6256268298442,outside,Congested,91
Kabale - Katuna - Kigali Road,trunk,21.641635968661177,1352.9431267323266,0.45098104224410895,0.7504511483274787,58.6036427645444,59.99999999999999,38.646408160856126,58559.80527008647,outside,Free,92
trunk_link (OSM way 1303325667),trunk_link,0.01137147727613144,7020.3392360407315,2.340113078680244,3.118605997399852,4.917902216182417,42.0,37.071886355500936,159.66325618674227,Kagarama,Congested,93
primary (OSM way 1288349565),primary,0.2676135748809538,1094.02680630675,1.09402680630675,2.1320564410159335,19.6099134614735,50.00000000000001,35.369008603922104,585.5528493026843,Base,Congested,94
primary_link (OSM way 1432279113),primary_link,0.021008076468491864,3239.755011072521,3.2397550110725213,3.239755011072521,1.9971535585956797,35.0,32.13441186160372,68.06102101179123,Nyagatare,Congested,95
KG 107 Street,primary_link,0.12261581962340046,2257.1652216199905,2.25716522161999,2.25716522161999,7.1522862415947195,35.0,30.788353934263164,276.76416367436946,Remera (1),Congested,96
trunk_link (OSM way 694439032),trunk_link,0.007263752561670145,8427.781937607986,2.8092606458693283,2.921600688254496,4.026041623882968,42.0,27.670048013131986,122.43464527699477,Ngoma (2),Congested,97
primary_link (OSM way 25824234),primary_link,0.16090300033889435,4028.1663418609837,2.014083170930492,2.014083170930492,17.299458829535016,60.00000000000001,26.663745164557113,648.1440502695807,Kimihurura,Congested,98
trunk (OSM way 1265510448),trunk,0.0498634422727814,5828.2955256201085,1.942765175206703,2.770618103205734,12.02067884146442,60.00000000000001,26.149627413947666,290.61887749046844,Rubengera,Congested,99
trunk (OSM way 479689010),trunk,0.3374135941557436,2067.364054479798,1.3782427029865325,1.798779322729591,32.46259997665211,60.00000000000001,24.847187798687727,1395.1134721008384,Gisenyi,Congested,100
primary (OSM way 220623175),primary,0.13623716199914399,2260.6137959239004,2.2606137959239003,2.2606137959239003,10.167996680779174,50.0,24.12952157748135,307.97960793278423,Kamembe,Congested,101
primary_link (OSM way 1346556057),primary_link,0.033993735224643815,2688.0555552448054,2.6880555552448056,2.688055555244806,3.963092604036727,34.99999999999999,20.446232890168755,91.37704881412483,Nyagatare,Congested,102
primary (OSM way 479690297),primary,1.0862721823084238,1436.5591248652104,1.4365591248652103,1.4365591248652103,30.5095714939197,49.99999999999999,19.93780931929657,1560.4942155824115,outside,Congested,103
Avenue de l'Aéroport,trunk,4.214725612543841,2067.364054479798,0.689121351493266,0.8993896613647955,56.97910735482596,59.999999999999986,19.398314233020628,17426.744461736973,outside,Busy,104
trunk (OSM way 150103699),trunk,0.03931515683423362,3851.7376752321525,1.2839125584107174,3.1931268326228075,14.555371735385968,59.99999999999998,19.347940712256086,151.43167078607846,Mururu,Congested,105
primary_link (OSM way 1432279109),primary_link,0.023092348649530088,2832.4564118625285,2.832456411862529,2.8324564118625286,3.284898160664659,35.00000000000001,18.042947985725178,65.4080709973265,Nyagatare,Congested,106
primary_link (OSM way 275847141),primary_link,0.06418297166691557,2257.16522161999,2.25716522161999,2.25716522161999,7.15228624159472,35.0,16.116093782214193,144.87157146678302,Remera (1),Congested,107
trunk_link (OSM way 713569110),trunk_link,0.017349159439353702,7284.6691686520435,2.4282230562173477,2.4282230562173477,6.757958041335935,42.0,15.6922259888419,126.38288686988848,Muhima,Congested,108
Kisoro - Bunagana Road,primary,0.021769852998593416,2067.364054479798,2.0673640544797984,2.6981689840943863,9.443902398638183,50.0,9.73904662908721,90.01242312120256,outside,Congested,109
trunk_link (OSM way 25796211),trunk_link,0.032208158435185354,5641.029308727844,1.8803431029092814,1.8803431029092814,13.912241347862455,40.0,8.517338814785417,181.6871657130305,Muhima,Congested,110
trunk_link (OSM way 1256072107),trunk_link,0.05860894349935169,4889.997576971877,1.6299991923239592,1.6299991923239592,20.39958371586431,42.00000000000001,7.225436059536801,286.5975917007114,Gashenyi,Congested,111
trunk_link (OSM way 1432254660),trunk_link,0.04538313571358798,4963.215970698927,1.654405323566309,1.654405323566309,19.776598529478,42.0,6.026529928801408,225.24630397407668,Kigoma (1),Congested,112
primary (OSM way 479690271),primary,0.5148813046832268,1271.9544553906344,1.2719544553906346,1.2719544553906346,35.90343021352225,50.0,5.142640694191991,654.905569489173,outside,Congested,113
primary_link (OSM way 1346556053),primary_link,0.061222922815045794,1740.9683794938962,1.7409683794938962,1.740968379493896,14.718141154302316,35.00000000000001,4.196543123656341,106.58717272119016,Nyagatare,Congested,114
trunk_link (OSM way 437033891),trunk_link,0.04817797090131884,4561.019057611396,1.5203396858704652,1.5203396858704654,23.315093017706943,41.99999999999999,4.192903712373422,219.74064343796255,Kimisagara,Congested,115
trunk (OSM way 28891821),trunk,0.9015560886896247,2067.3640544797986,0.6891213514932661,0.8993896613647955,56.97910735482594,60.000000000000014,4.149420369156343,3727.6893017086627,Gisenyi,Busy,116
NR11;NR14,trunk,0.06349919720488839,2734.134536645697,0.9113781788818991,1.5853437385295857,42.65861176834997,60.0,2.005491416135651,173.61534812716127,Bwishyura,Near capacity,117
trunk (OSM way 587513795),trunk,0.06268400293889742,2913.702117820835,0.9712340392736116,1.5292209974733653,44.63045382004222,59.999999999999986,1.6190584926923186,182.64251211655287,Bwishyura,Near capacity,118
trunk_link (OSM way 673026485),trunk_link,0.03134640527109715,3723.160145757726,1.2410533819192417,1.241053381919242,30.97713746181256,41.99999999999999,0.9887882102081346,116.70768681811882,Kimisagara,Congested,119
trunk_link (OSM way 675927872),trunk_link,0.0454492166119451,3443.438800315411,1.1478129334384704,1.1478129334384704,33.32378922431765,42.0,0.9701640898268118,156.50159592551148,Rweru,Congested,120
primary_link (OSM way 1432279114),primary_link,0.0205594216098132,1553.2589869302935,1.5532589869302933,1.5532589869302935,18.68554583532819,35.0,0.7966241766957187,31.934106381531237,Nyagatare,Congested,121
trunk (OSM way 655258832),trunk,0.16858478129668197,2698.168984094386,0.8993896613647954,0.8993896613647955,54.63742874323905,59.999999999999986,0.7440790641119472,454.87022808504264,Gisenyi,Near capacity,122
trunk_link (OSM way 676184784),trunk_link,0.030692442509604685,3387.993182000922,1.1293310606669742,1.129331060666974,33.76226334964797,42.00000000000001,0.604089155242643,103.98578596149594,outside,Congested,123
trunk_link (OSM way 378654651),trunk_link,0.07633526190410127,2819.07140437473,0.9396904681249101,0.93969046812491,37.602124521791865,42.0,0.599256193268864,215.19455397930759,Kimisagara,Near capacity,124
primary_link (OSM way 1346556055),primary_link,0.04041982147506915,1279.197424932234,1.279197424932234,1.279197424932234,24.970672653752644,35.0,0.5933425423747337,51.70493154712907,Nyagatare,Congested,125
primary (OSM way 1536648317),primary,0.0008391497650101,2067.364054479798,2.0673640544797984,2.6981689840943863,9.443902398638182,50.0,0.37540532270700133,3.4696561210141006,outside,Congested,126
Kabale Katuna Kigali Road,trunk,0.182365711287295,1352.9431267323266,0.4509810422441089,0.7504511483274787,58.60364276454439,60.00000000000001,0.32565836164878703,493.4608712755953,outside,Free,127
primary (OSM way 479690294),primary,0.46777151244359105,700.3202891943162,0.7003202891943163,0.7003202891943163,48.25877696163655,50.0,0.23639515280770299,327.58988087135833,outside,Busy,128
trunk_link (OSM way 942195261),trunk_link,0.05107317055421678,2458.4315261257484,0.8194771753752496,0.8194771753752494,39.338901588051925,42.0,0.20222756452083962,125.55989262968379,Karangazi,Near capacity,129
trunk_link (OSM way 437033893),trunk_link,0.04555819763014528,2464.2739664059623,0.8214246554686542,0.8214246554686541,39.315137812467,42.00000000000001,0.18254436408470148,112.26788037634482,Kimisagara,Near capacity,130
Rond Point Rutshuru,trunk,0.07631840806282944,2126.9435470448366,0.708981182348279,0.8993896613647955,57.01283552944917,60.0,0.16909594258434296,162.3249455499697,outside,Busy,131
A2,trunk,0.0724530530089725,1802.326840652323,0.6007756135507744,0.7504511483274787,57.9315030320785,59.99999999999999,0.09702807587207177,130.5840821252767,outside,Busy,132
trunk_link (OSM way 676184785),trunk_link,0.028680002328926528,2330.9721837453644,0.7769907279151215,0.7769907279151216,39.82285670121842,42.0,0.08702050252188617,66.85228765848001,outside,Busy,133
trunk_link (OSM way 356452022),trunk_link,0.05103216729405373,2035.964984736482,0.6786549949121607,0.6786549949121605,40.70481084467616,42.00000000000001,0.0787140911772776,103.89970570590769,Kigali,Busy,134
trunk (OSM way 508291413),trunk,0.013328668917923114,2698.168984094387,0.8993896613647955,0.8993896613647955,54.637428743239035,60.0,0.05882846255767828,35.96300107360304,Gisenyi,Near capacity,135
primary (OSM way 479690289),primary,0.22569066368810328,436.39983001035307,0.43639983001035304,0.7003202891943163,49.098554728785466,50.0,0.05790661903604219,98.49136726841203,outside,Free,136
trunk_link (OSM way 670624728),trunk_link,0.02210188657774182,2260.6137959239004,0.7535379319746336,0.7535379319746335,40.06246565610161,42.00000000000001,0.05753315148122842,49.963829713588446,Kamembe,Busy,137
trunk (OSM way 508291410),trunk,0.22620992019794514,1436.5591248652104,0.47885304162173675,0.4788530416217368,59.53049550136205,60.00000000000001,0.042715368931343485,324.96392499538916,Gisenyi,Free,138
trunk (OSM way 653626446),trunk,0.009071021418987265,2698.1689840943864,0.8993896613647956,0.8993896613647955,54.63742874323904,59.99999999999999,0.04003657433408146,24.475148646767288,Gisenyi,Near capacity,139
trunk_link (OSM way 437033890),trunk_link,0.049508280622231074,1581.6767688072298,0.52722558960241,0.52722558960241,41.518803989277615,42.0,0.021608442914759222,78.30609732377204,Kimisagara,Free,140
trunk_link (OSM way 901222061),trunk_link,0.11276037664360664,1301.6154115520767,0.43387180385069224,0.43387180385069224,41.77793305477389,42.0,0.018574916851044204,146.77064405173522,Gikondo,Free,141
Avenue du 20 Mai,trunk,0.7971959933341435,432.46247933444613,0.1441541597781487,0.23344009639810542,59.98659889043741,60.00000000000001,0.004147773826821617,689.5147115855405,outside,Free,142
trunk_link (OSM way 942195262),trunk_link,0.03592439457167249,1021.2532424685264,0.3404177474895088,0.3404177474895088,41.915566387142434,42.0,0.0017595987697622381,36.68790444003926,Nyagatare,Free,143
trunk_link (OSM way 437033892),trunk_link,0.06991615049034536,833.6172195157574,0.2778724065052524,0.27787240650525247,41.96247384813596,41.99999999999999,0.0012409887465329417,58.28330697100695,Kimisagara,Free,144
trunk_link (OSM way 300264131),trunk_link,0.027249694908444956,971.3200248742519,0.32377334162475063,0.3237733416247506,41.9308822471945,42.00000000000001,0.0010387960881746794,26.46817433628653,Ngoma (2),Free,145
trunk (OSM way 825213080),trunk,0.003496487851587666,1436.5591248652104,0.4788530416217368,0.4788530416217368,59.53049550136205,60.0,0.0006602441149081139,5.022911528178617,outside,Free,146
trunk_link (OSM way 953703797),trunk_link,0.03937472581046948,769.9042251023853,0.25663474170079514,0.2566347417007951,41.972690115904115,42.0,0.00046963235228768117,30.314767763728398,Kimisagara,Free,147
primary (OSM way 479690302),primary,0.47256465858983765,164.60466947457587,0.16460466947457586,0.16460466947457586,49.99449468660835,49.99999999999999,0.00017131415524971732,77.78634943254602,outside,Free,148
trunk_link (OSM way 356452020),trunk_link,0.06275255492864135,390.7918608895621,0.13026395362985402,0.13026395362985402,41.998186077142066,42.00000000000001,2.5218306121475277e-05,24.523187716138214,Kigali,Free,149
trunk_link (OSM way 1432254659),trunk_link,0.05814065729335414,296.72687780389646,0.09890895926796549,0.09890895926796549,41.99939705618641,42.00000000000001,5.896866849488034e-06,17.251895712123314,Kigoma (1),Free,150
primary_link (OSM way 1432279110),primary_link,0.02141275241622226,144.4008566177219,0.1444008566177219,0.1444008566177219,34.99771750382397,35.0,5.7616192904233466e-06,3.092019791445689,Nyagatare,Free,151
trunk_link (OSM way 1256072108),trunk_link,0.035971631277379665,18.908628173387743,0.006302876057795914,0.0063028760577959145,41.9999999900575,42.0,3.833691532610543e-12,0.6801742006141769,Gashenyi,Free,152
