Corridor,Busiest hour,v/c at peak,Speed at peak km/h,Hours with v/c ≥ 0.8,v/c morning (07h),v/c evening (17h),Jams mostly in
NR9,07:00–08:00,2.4689901756296604,7.605693634273108,16,2.4689901756296604,2.343583647774562,Both equally
KN 3 Road,07:00–08:00,5.944537802736335,0.28247457956723054,19,5.944537802736335,4.631427661737067,Morning
NR8,07:00–08:00,3.2899424141834537,2.69208849179834,17,3.2899424141834537,3.125445293474281,Both equally
NR22,07:00–08:00,1.9158690281593247,16.551111514539265,12,1.9158690281593247,1.8200755767513581,Both equally
NR21,17:00–18:00,3.3805696770361573,2.4282760930605054,16,3.32621775173767,3.3805696770361573,Both equally
NR6,07:00–08:00,2.590122785656804,6.450721540212216,12,2.590122785656804,2.330465745933818,Morning
NR17,07:00–08:00,2.90854741492941,4.260814037128982,16,2.90854741492941,2.8165884869932927,Both equally
NR1,07:00–08:00,1.7639543725008113,24.400685634077945,9,1.7639543725008113,1.614875093269125,Morning
NR18,07:00–08:00,3.4813035184909005,2.170869278185401,16,3.4813035184909005,3.1049958865392004,Morning
DR33,07:00–08:00,4.442221350043016,0.8415999484315273,17,4.442221350043016,3.8043764881615028,Morning
Kigali-Gatuna Road,07:00–08:00,2.702574756088282,6.665136738294403,16,2.702574756088282,2.5007160047420736,Morning
NR23,07:00–08:00,3.525943487397155,2.0674631000285806,16,3.525943487397155,3.1362639640258694,Morning
