crop,year,area_ha,production_t,yield_t_ha
Bananas,1961,99000.0,986976.0,9.969454545454546
Bananas,1962,147000.0,1471830.0,10.012448979591836
Bananas,1963,88000.0,879180.0,9.990681818181818
Bananas,1964,94285.0,1033343.0,10.959781513496315
Bananas,1965,100185.0,1202250.0,12.000299446024854
Bananas,1966,121000.0,1206900.0,9.974380165289256
Bananas,1967,130000.0,1560000.0,12.0
Bananas,1968,134500.0,1615000.0,12.007434944237918
Bananas,1969,136500.0,1638000.0,12.0
Bananas,1970,150100.0,1651100.0,11.0
Bananas,1971,152660.0,1679260.0,11.0
Bananas,1972,152778.0,1680558.0,11.0
Bananas,1973,156050.0,1767326.0,11.325382890099327
Bananas,1974,181078.0,1648458.0,9.103579672848165
Bananas,1975,190358.0,1734070.0,9.1095199571334
Bananas,1976,200261.0,1820163.0,9.088953915140742
Bananas,1977,208187.0,1896258.0,9.108436165562692
Bananas,1978,202053.0,1931712.0,9.560422265445204
Bananas,1979,198100.0,2022992.0,10.211973750630994
Bananas,1980,224600.0,2063100.0,9.185663401602849
Bananas,1981,242800.0,2321070.0,9.559596375617792
Bananas,1982,248900.0,2378080.0,9.554359180393732
Bananas,1983,247000.0,2362500.0,9.564777327935223
Bananas,1984,253500.0,2056000.0,8.110453648915188
Bananas,1985,253100.0,2419000.0,9.557487159225602
Bananas,1986,240695.0,2265700.0,9.413157730738071
Bananas,1987,204400.0,2289800.0,11.202544031311154
Bananas,1988,320000.0,2400200.0,7.500625
Bananas,1989,408300.0,3019600.0,7.395542493264756
Bananas,1990,400570.0,2776770.0,6.932046833262601
Bananas,1991,480000.0,3092900.0,6.4435416666666665
Bananas,1992,550000.0,3547200.0,6.449454545454546
Bananas,1993,330000.0,2136000.0,6.472727272727273
Bananas,1994,230000.0,1489000.0,6.473913043478261
Bananas,1995,310000.0,2002000.0,6.458064516129032
Bananas,1996,325000.0,2105000.0,6.476923076923077
Bananas,1997,349906.0,2248419.0,6.425780066646471
Bananas,1998,405264.0,2625485.0,6.478456018792688
Bananas,1999,410323.0,2897433.0,7.061346792648719
Bananas,2000,360470.0,2212250.0,6.137126529253474
Bananas,2001,363249.0,1784058.0,4.9113913596458625
Bananas,2002,358863.0,2784870.0,7.760259486210615
Bananas,2003,360000.0,2407837.0,6.688436111111111
Bananas,2004,363383.0,2469740.0,6.796520475641403
Bananas,2005,361251.0,2593080.0,7.178056254515559
Bananas,2006,366294.0,2653348.0,7.243765936651979
Bananas,2007,380000.0,2686000.0,7.068421052631579
Bananas,2008,370000.0,2604000.0,7.037837837837838
Bananas,2009,345414.0,2993482.0,8.666359788543602
Bananas,2010,333773.0,2747880.0,8.232780961911239
Bananas,2011,346411.0,3056480.0,8.823276397112101
Bananas,2012,349052.0,3217976.0,9.219187971992712
Bananas,2013,228501.0,2218572.0,9.709244160857065
Bananas,2014,176033.0,1804649.0,10.251765294007374
Bananas,2015,169491.0,1862842.0,10.990801871485802
Bananas,2016,151543.0,1898725.0,12.529282117946721
Bananas,2017,141029.0,1739007.0,12.33084684710237
Bananas,2018,125091.0,1769697.0,14.147276782502338
Bananas,2019,157255.0,1848230.0,11.753076213792884
Bananas,2020,178983.0,2032072.0,11.353435801165475
Bananas,2021,187611.0,2143865.0,11.427181775055834
Bananas,2022,191791.0,2208468.0,11.514972026841718
Bananas,2023,195768.0,2308790.0,11.793500469944016
Bananas,2024,202488.0,2437236.0,12.036446604243215
"Beans, dry",1961,131100.0,86575.0,0.660373760488177
"Beans, dry",1962,120088.0,92320.0,0.768769568982746
"Beans, dry",1963,120000.0,96320.0,0.8026666666666666
"Beans, dry",1964,108139.0,69914.0,0.6465197569794431
"Beans, dry",1965,126925.0,87451.0,0.6889974394327358
"Beans, dry",1966,154000.0,130900.0,0.85
"Beans, dry",1967,155000.0,131750.0,0.85
"Beans, dry",1968,156300.0,116225.0,0.7436020473448497
"Beans, dry",1969,162360.0,146124.0,0.9
"Beans, dry",1970,159560.0,143604.0,0.9
"Beans, dry",1971,160494.0,144445.0,0.9000024923050083
"Beans, dry",1972,154593.0,131404.0,0.8499996765700905
"Beans, dry",1973,160025.0,133059.0,0.8314888298703328
"Beans, dry",1974,186723.0,114816.0,0.6149001462058772
"Beans, dry",1975,190600.0,152744.0,0.8013850996852047
"Beans, dry",1976,202880.0,163401.0,0.8054071372239747
"Beans, dry",1977,213276.0,171598.0,0.8045818563739005
"Beans, dry",1978,214939.0,170231.0,0.7919967990918354
"Beans, dry",1979,238200.0,180700.0,0.7586062132661628
"Beans, dry",1980,257154.0,181200.0,0.7046361324342612
"Beans, dry",1981,260569.0,191836.0,0.7362195809939018
"Beans, dry",1982,263400.0,213881.0,0.8120007593014427
"Beans, dry",1983,305600.0,256956.0,0.8408246073298429
"Beans, dry",1984,303200.0,227300.0,0.7496701846965699
"Beans, dry",1985,339660.0,313600.0,0.9232762173938645
"Beans, dry",1986,322160.0,270970.0,0.8411037993543581
"Beans, dry",1987,323750.0,264900.0,0.8182239382239382
"Beans, dry",1988,300000.0,223900.0,0.7463333333333333
"Beans, dry",1989,250200.0,210300.0,0.8405275779376499
"Beans, dry",1990,262563.0,195000.0,0.7426788999211618
"Beans, dry",1991,240000.0,205000.0,0.8541666666666666
"Beans, dry",1992,260000.0,180000.0,0.6923076923076923
"Beans, dry",1993,200000.0,137000.0,0.685
"Beans, dry",1994,45000.0,34800.0,0.7733333333333333
"Beans, dry",1995,180000.0,126000.0,0.7
"Beans, dry",1996,250000.0,174347.0,0.697388
"Beans, dry",1997,238525.0,133715.0,0.5605911330049261
"Beans, dry",1998,234923.0,153917.0,0.6551806336544315
"Beans, dry",1999,228215.0,140426.0,0.6153232697237254
"Beans, dry",2000,333205.0,215347.0,0.6462898215813088
"Beans, dry",2001,343966.0,242157.0,0.7040143502555485
"Beans, dry",2002,358002.0,246906.0,0.6896777112977023
"Beans, dry",2003,356519.0,239394.0,0.6714761345117651
"Beans, dry",2004,319349.0,198224.0,0.6207127625262644
"Beans, dry",2005,313019.0,199648.0,0.6378143179806977
"Beans, dry",2006,356381.0,283387.0,0.795179877715142
"Beans, dry",2007,358208.0,329000.0,0.9184607825620869
"Beans, dry",2008,336577.0,308000.0,0.9150952085258351
"Beans, dry",2009,345851.0,326532.0,0.9441406848613999
"Beans, dry",2010,319252.0,327497.0,1.0258259932592435
"Beans, dry",2011,341819.0,331166.1,0.9688346756616806
"Beans, dry",2012,479899.0,432857.0,0.9019752072831991
"Beans, dry",2013,480012.0,438235.84,0.9129685091206053
"Beans, dry",2014,465865.0,415259.0,0.8913719639809816
"Beans, dry",2015,503546.0,434077.0,0.8620404094164188
"Beans, dry",2016,513137.0,437672.96,0.852935882620041
"Beans, dry",2017,549441.0,455821.99,0.8296104404294546
"Beans, dry",2018,557209.0,485755.51,0.8717653699060856
"Beans, dry",2019,582670.0,484251.0,0.8310896390752913
"Beans, dry",2020,647983.0,438735.56,0.6770788122527905
"Beans, dry",2021,694481.0,491976.0,0.7084081493950158
"Beans, dry",2022,634192.0,449448.04,0.7086939601887126
"Beans, dry",2023,626306.0,450360.0,0.7190734241728484
"Beans, dry",2024,660495.0,478344.26,0.7242208646545394
"Cassava, fresh",1961,21000.0,125000.0,5.9523809523809526
"Cassava, fresh",1962,22333.0,134000.0,6.000089553575426
"Cassava, fresh",1963,46513.0,209000.0,4.493367445660353
"Cassava, fresh",1964,14468.0,174000.0,12.026541332596073
"Cassava, fresh",1965,14808.0,178000.0,12.02052944354403
"Cassava, fresh",1966,19800.0,198100.0,10.005050505050505
"Cassava, fresh",1967,23000.0,230000.0,10.0
"Cassava, fresh",1968,26000.0,233300.0,8.973076923076922
"Cassava, fresh",1969,28250.0,282500.0,10.0
"Cassava, fresh",1970,28713.0,344636.0,12.002786194406715
"Cassava, fresh",1971,30999.0,371988.0,12.0
"Cassava, fresh",1972,29198.0,350376.0,12.0
"Cassava, fresh",1973,29743.0,363480.0,12.220690582658104
"Cassava, fresh",1974,28768.0,360256.0,12.522803114571746
"Cassava, fresh",1975,32034.0,394460.0,12.313791596428795
"Cassava, fresh",1976,34682.0,415411.0,11.97771178132749
"Cassava, fresh",1977,37082.0,444326.0,11.982255541772288
"Cassava, fresh",1978,39874.0,373044.0,9.355570045643779
"Cassava, fresh",1979,39900.0,654360.0,16.4
"Cassava, fresh",1980,45500.0,542100.0,11.914285714285715
"Cassava, fresh",1981,44807.0,536859.0,11.981587698350705
"Cassava, fresh",1982,45790.0,592679.0,12.94341559292422
"Cassava, fresh",1983,45500.0,500510.0,11.00021978021978
"Cassava, fresh",1984,49800.0,523800.0,10.518072289156626
"Cassava, fresh",1985,55630.0,578510.0,10.399245011684343
"Cassava, fresh",1986,49190.0,469560.0,9.545842650945314
"Cassava, fresh",1987,51470.0,483330.0,9.3905187487857
"Cassava, fresh",1988,70000.0,346100.0,4.944285714285714
"Cassava, fresh",1989,70000.0,310500.0,4.435714285714286
"Cassava, fresh",1990,131768.0,265190.0,2.0125523647623096
"Cassava, fresh",1991,150000.0,396000.0,2.64
"Cassava, fresh",1992,100000.0,261000.0,2.61
"Cassava, fresh",1993,120000.0,291000.0,2.425
"Cassava, fresh",1994,180000.0,212000.0,1.1777777777777778
"Cassava, fresh",1995,60000.0,148000.0,2.466666666666667
"Cassava, fresh",1996,80000.0,220638.0,2.757975
"Cassava, fresh",1997,82188.0,202994.0,2.46987394753492
"Cassava, fresh",1998,76314.0,188182.0,2.4658909243389155
"Cassava, fresh",1999,118492.0,316934.0,2.6747290956351484
"Cassava, fresh",2000,120463.0,820992.0,6.815304284303064
"Cassava, fresh",2001,136238.0,788910.0,5.7906751420308575
"Cassava, fresh",2002,130457.0,1031077.0,7.903577423978782
"Cassava, fresh",2003,134146.0,1003078.0,7.477509579115292
"Cassava, fresh",2004,133876.0,765748.0,5.719830290716783
"Cassava, fresh",2005,115694.0,781639.0,6.756089339118709
"Cassava, fresh",2006,118860.0,765198.0,6.437809187279152
"Cassava, fresh",2007,142881.0,779414.0,5.454987017168133
"Cassava, fresh",2008,140000.0,681800.0,4.87
"Cassava, fresh",2009,120000.0,819700.0,6.8308333333333335
"Cassava, fresh",2010,70000.0,977200.0,13.96
"Cassava, fresh",2011,70000.0,979000.0,13.985714285714286
"Cassava, fresh",2012,70000.0,970000.0,13.857142857142858
"Cassava, fresh",2013,70000.0,948100.0,13.544285714285714
"Cassava, fresh",2014,68852.0,900227.0,13.074812641608087
"Cassava, fresh",2015,82915.0,924651.0,11.151794005909666
"Cassava, fresh",2016,91887.0,930220.0,10.123521281574106
"Cassava, fresh",2017,120000.0,1041986.2,8.683218333333333
"Cassava, fresh",2018,92113.0,1127199.78,12.237141120145909
"Cassava, fresh",2019,81627.0,1181825.24,14.478361816555797
"Cassava, fresh",2020,87669.0,1279581.83,14.595601980175433
"Cassava, fresh",2021,90121.0,1319875.0,14.645587598894819
"Cassava, fresh",2022,93913.0,1375140.11,14.642702394769628
"Cassava, fresh",2023,94811.0,1345379.0,14.190115071036061
"Cassava, fresh",2024,93511.0,1301324.78,13.916274876752468
Maize,1961,38000.0,28434.0,0.7482631578947369
Maize,1962,58480.0,68744.0,1.1755129958960329
Maize,1963,3850.0,7700.0,2.0
Maize,1964,24145.0,21311.0,0.8826258024435701
Maize,1965,23157.0,43998.0,1.8999870449540095
Maize,1966,48900.0,48900.0,1.0
Maize,1967,53200.0,53200.0,1.0
Maize,1968,42800.0,42800.0,1.0
Maize,1969,41300.0,41300.0,1.0
Maize,1970,53385.0,64062.0,1.2
Maize,1971,54490.0,56388.0,1.0348320792806018
Maize,1972,49917.0,49917.0,1.0
Maize,1973,55270.0,54755.0,0.9906821060249683
Maize,1974,62561.0,63696.0,1.018142293121913
Maize,1975,62745.0,67457.0,1.075097617340027
Maize,1976,65407.0,70627.0,1.0798079716238322
Maize,1977,70036.0,77166.0,1.1018047861100007
Maize,1978,67474.0,75635.0,1.1209502919643122
Maize,1979,77759.0,83348.0,1.0718759243303027
Maize,1980,71800.0,85059.0,1.18466573816156
Maize,1981,68785.0,84800.0,1.232826924474813
Maize,1982,79229.0,91956.0,1.1606356258440722
Maize,1983,85400.0,110300.0,1.2915690866510539
Maize,1984,85000.0,101900.0,1.1988235294117646
Maize,1985,81639.0,99452.0,1.2181922855497984
Maize,1986,79250.0,89590.0,1.1304731861198738
Maize,1987,61100.0,90665.0,1.4838788870703765
Maize,1988,75000.0,135000.0,1.8
Maize,1989,80000.0,95000.0,1.1875
Maize,1990,98522.0,101000.0,1.0251517427579626
Maize,1991,90000.0,104000.0,1.1555555555555554
Maize,1992,80000.0,98000.0,1.225
Maize,1993,50000.0,87000.0,1.74
Maize,1994,40000.0,67000.0,1.675
Maize,1995,50000.0,56000.0,1.12
Maize,1996,60000.0,66595.0,1.1099166666666667
Maize,1997,76481.0,83427.0,1.0908199422078686
Maize,1998,71212.0,58618.0,0.8231477840813346
Maize,1999,72673.0,54912.0,0.7556038693875304
Maize,2000,89053.0,62501.0,0.7018404770193031
Maize,2001,105560.0,80979.0,0.767137173171656
Maize,2002,104628.0,91686.0,0.8763046220896892
Maize,2003,102820.0,78886.0,0.7672242754327951
Maize,2004,115000.0,88209.0,0.7670347826086956
Maize,2005,109400.0,97251.0,0.8889488117001828
Maize,2006,113312.0,96662.0,0.853060576108444
Maize,2007,141168.0,101659.0,0.7201277910007934
Maize,2008,144896.0,166853.0,1.1515362742932862
Maize,2009,147129.0,286946.0,1.9503021158303258
Maize,2010,184658.0,432404.0,2.341647802965482
Maize,2011,223414.0,525679.0,2.3529367004753508
Maize,2012,253698.0,573038.0,2.258740707455321
Maize,2013,292326.0,667833.0,2.284548757209417
Maize,2014,233150.0,357083.0,1.531559082135964
Maize,2015,241713.0,370140.0,1.5313202020578123
Maize,2016,237658.0,374266.77,1.57481241952722
Maize,2017,297447.0,410280.02,1.3793382350469159
Maize,2018,296330.0,424203.68,1.431524584078561
Maize,2019,288298.0,421218.19,1.461051377394224
Maize,2020,294439.0,448632.58,1.523685992684393
Maize,2021,317212.0,482682.0,1.521638525654767
Maize,2022,299972.0,458522.08,1.5285495979624766
Maize,2023,318792.0,508491.97,1.5950587530427363
Maize,2024,342024.0,627086.15,1.8334565702991603
Potatoes,1961,19300.0,96500.0,5.0
Potatoes,1962,18378.0,73500.0,3.999347045380346
Potatoes,1963,25526.0,66200.0,2.5934341455770586
Potatoes,1964,13321.0,30400.0,2.282110952631184
Potatoes,1965,14419.0,43300.0,3.0029821762951663
Potatoes,1966,9500.0,57300.0,6.031578947368421
Potatoes,1967,16500.0,107250.0,6.5
Potatoes,1968,17500.0,78750.0,4.5
Potatoes,1969,17200.0,129000.0,7.5
Potatoes,1970,18000.0,126000.0,7.0
Potatoes,1971,21170.0,148190.0,7.0
Potatoes,1972,18776.0,131432.0,7.0
Potatoes,1973,19286.0,140116.0,7.2651664419786375
Potatoes,1974,20011.0,109621.0,5.478037079606216
Potatoes,1975,22676.0,149745.0,6.603677897336391
Potatoes,1976,25708.0,169766.0,6.603625330636378
Potatoes,1977,26806.0,177250.0,6.6123255987465495
Potatoes,1978,32169.0,218703.0,6.798563834747738
Potatoes,1979,29756.0,214917.0,7.222644172603845
Potatoes,1980,32240.0,217060.0,6.7326302729528535
Potatoes,1981,40668.0,254113.0,6.248475459820989
Potatoes,1982,40337.0,268800.0,6.663857004735107
Potatoes,1983,36600.0,224700.0,6.139344262295082
Potatoes,1984,40500.0,263200.0,6.498765432098765
Potatoes,1985,47200.0,335420.0,7.10635593220339
Potatoes,1986,38100.0,288700.0,7.57742782152231
Potatoes,1987,37800.0,267120.0,7.066666666666666
Potatoes,1988,33000.0,171300.0,5.1909090909090905
Potatoes,1989,35000.0,238600.0,6.817142857142857
Potatoes,1990,42055.0,283673.0,6.745285935085008
Potatoes,1991,65000.0,445000.0,6.846153846153846
Potatoes,1992,52000.0,347000.0,6.673076923076923
Potatoes,1993,30000.0,204159.0,6.8053
Potatoes,1994,17000.0,114900.0,6.758823529411765
Potatoes,1995,20000.0,137700.0,6.885
Potatoes,1996,35000.0,195381.0,5.582314285714285
Potatoes,1997,42000.0,229625.0,5.467261904761905
Potatoes,1998,28264.0,181138.0,6.408788564958958
Potatoes,1999,29770.0,175889.0,5.908263352368156
Potatoes,2000,108983.0,957202.0,8.783039556628099
Potatoes,2001,117403.0,1012269.0,8.622173198299873
Potatoes,2002,124972.0,1038931.0,8.313310181480652
Potatoes,2003,133954.0,1099549.0,8.208407363721875
Potatoes,2004,133418.0,1072770.0,8.040669175073829
Potatoes,2005,135622.0,1314050.0,9.689062246538173
Potatoes,2006,139043.0,1275585.0,9.174032493545162
Potatoes,2007,124621.0,967283.0,7.7617977708411905
Potatoes,2008,127226.0,1161943.0,9.132905223775014
Potatoes,2009,126167.0,1289623.0,10.22155555731689
Potatoes,2010,150777.0,1789404.0,11.867884359020275
Potatoes,2011,130000.0,2171517.41,16.703980076923077
Potatoes,2012,120000.0,2337706.0,19.480883333333335
Potatoes,2013,95000.0,2240714.8,23.586471578947368
Potatoes,2014,68208.0,719006.0,10.541373445930097
Potatoes,2015,78214.0,742626.0,9.494796328023115
Potatoes,2016,106236.0,751283.74,7.071837606837606
Potatoes,2017,93991.0,846183.97,9.002819099701036
Potatoes,2018,119220.0,916062.17,7.683796091259856
Potatoes,2019,107590.0,973407.9,9.047382656380705
Potatoes,2020,104494.0,858521.46,8.215988095010239
Potatoes,2021,113458.0,938281.0,8.269853161522326
Potatoes,2022,119744.0,908007.15,7.582903109967932
Potatoes,2023,114339.0,865014.0,7.5653451578201665
Potatoes,2024,104518.0,827355.28,7.915911900342525
"Pumpkins, squash and gourds",1961,7000.0,42000.0,6.0
"Pumpkins, squash and gourds",1962,7000.0,42000.0,6.0
"Pumpkins, squash and gourds",1963,7000.0,42000.0,6.0
"Pumpkins, squash and gourds",1964,7500.0,45000.0,6.0
"Pumpkins, squash and gourds",1965,7500.0,45000.0,6.0
"Pumpkins, squash and gourds",1966,7500.0,45000.0,6.0
"Pumpkins, squash and gourds",1967,7500.0,45000.0,6.0
"Pumpkins, squash and gourds",1968,8000.0,48000.0,6.0
"Pumpkins, squash and gourds",1969,8000.0,48000.0,6.0
"Pumpkins, squash and gourds",1970,8300.0,50000.0,6.024096385542169
"Pumpkins, squash and gourds",1971,8300.0,50000.0,6.024096385542169
"Pumpkins, squash and gourds",1972,8830.0,53000.0,6.002265005662514
"Pumpkins, squash and gourds",1973,9000.0,55000.0,6.111111111111111
"Pumpkins, squash and gourds",1974,9000.0,55000.0,6.111111111111111
"Pumpkins, squash and gourds",1975,10000.0,60000.0,6.0
"Pumpkins, squash and gourds",1976,10000.0,60000.0,6.0
"Pumpkins, squash and gourds",1977,10000.0,63000.0,6.3
"Pumpkins, squash and gourds",1978,11000.0,65000.0,5.909090909090909
"Pumpkins, squash and gourds",1979,11000.0,67000.0,6.090909090909091
"Pumpkins, squash and gourds",1980,11300.0,69000.0,6.106194690265487
"Pumpkins, squash and gourds",1981,11600.0,71000.0,6.120689655172414
"Pumpkins, squash and gourds",1982,12000.0,73000.0,6.083333333333333
"Pumpkins, squash and gourds",1983,12300.0,75000.0,6.097560975609756
"Pumpkins, squash and gourds",1984,12400.0,77000.0,6.209677419354839
"Pumpkins, squash and gourds",1985,13000.0,78000.0,6.0
"Pumpkins, squash and gourds",1986,13000.0,78000.0,6.0
"Pumpkins, squash and gourds",1987,13200.0,79100.0,5.992424242424242
"Pumpkins, squash and gourds",1988,13300.0,79800.0,6.0
"Pumpkins, squash and gourds",1989,13350.0,80100.0,6.0
"Pumpkins, squash and gourds",1990,13550.0,81300.0,6.0
"Pumpkins, squash and gourds",1991,13710.0,82300.0,6.00291757840992
"Pumpkins, squash and gourds",1992,13900.0,83200.0,5.985611510791367
"Pumpkins, squash and gourds",1993,14100.0,84000.0,5.957446808510638
"Pumpkins, squash and gourds",1994,12000.0,70000.0,5.833333333333333
"Pumpkins, squash and gourds",1995,14109.0,76618.21,5.430449358565455
"Pumpkins, squash and gourds",1996,16000.0,80000.0,5.0
"Pumpkins, squash and gourds",1997,20000.0,100000.0,5.0
"Pumpkins, squash and gourds",1998,24000.0,120000.0,5.0
"Pumpkins, squash and gourds",1999,30000.0,150000.0,5.0
"Pumpkins, squash and gourds",2000,41000.0,205675.0,5.0164634146341465
"Pumpkins, squash and gourds",2001,42000.0,210000.0,5.0
"Pumpkins, squash and gourds",2002,42904.0,214312.42,4.9951617564795825
"Pumpkins, squash and gourds",2003,42164.0,210478.83,4.991908500142301
"Pumpkins, squash and gourds",2004,42449.0,211907.39,4.992046691323706
"Pumpkins, squash and gourds",2005,42706.0,213342.94,4.995619819229148
"Pumpkins, squash and gourds",2006,43000.0,215000.0,5.0
"Pumpkins, squash and gourds",2007,43567.0,218654.14,5.018801845433471
"Pumpkins, squash and gourds",2008,44129.0,222306.8,5.037657776065625
"Pumpkins, squash and gourds",2009,44673.0,225934.13,5.057509681463077
"Pumpkins, squash and gourds",2010,45205.0,229552.34,5.078029863953103
"Pumpkins, squash and gourds",2011,45727.0,233161.79,5.09899599798806
"Pumpkins, squash and gourds",2012,46000.0,236000.0,5.130434782608695
"Pumpkins, squash and gourds",2013,47256.0,242813.67,5.1382611731843575
"Pumpkins, squash and gourds",2014,48267.0,248284.75,5.1439855387739035
"Pumpkins, squash and gourds",2015,48875.0,251329.88,5.142299335038364
"Pumpkins, squash and gourds",2016,49519.0,254538.79,5.140224762212484
"Pumpkins, squash and gourds",2017,50154.0,257737.46,5.138921322327232
"Pumpkins, squash and gourds",2018,50752.0,260768.34,5.138089927490542
"Pumpkins, squash and gourds",2019,51342.0,263777.62,5.1376576681858905
"Pumpkins, squash and gourds",2020,51852.0,266424.61,5.1381742266450665
"Pumpkins, squash and gourds",2021,51827.0,269332.17,5.196754008528373
"Pumpkins, squash and gourds",2022,51716.0,270052.37,5.221834055224688
"Pumpkins, squash and gourds",2023,51809.0,268603.05,5.1844862861664955
"Pumpkins, squash and gourds",2024,51880.0,269329.2,5.191387818041635
Rice,1967,110.0,207.0,1.8818181818181818
Rice,1968,315.0,662.0,2.1015873015873017
Rice,1969,440.0,1144.0,2.6
Rice,1970,716.0,1360.0,1.899441340782123
Rice,1971,680.0,1477.0,2.1720588235294116
Rice,1972,630.0,1638.0,2.6
Rice,1973,733.0,2508.0,3.421555252387449
Rice,1974,974.0,2229.0,2.2885010266940453
Rice,1975,1042.0,2583.0,2.478886756238004
Rice,1976,1070.0,2668.0,2.493457943925234
Rice,1977,1235.0,3265.0,2.6437246963562755
Rice,1978,1311.0,3288.0,2.5080091533180777
Rice,1979,1279.0,3494.0,2.7318217357310397
Rice,1980,1337.0,4430.0,3.31338818249813
Rice,1981,1673.0,5757.0,3.441123729826659
Rice,1982,1599.0,5586.0,3.49343339587242
Rice,1983,2500.0,7153.0,2.8612
Rice,1984,2680.0,7919.0,2.9548507462686566
Rice,1985,2500.0,4000.0,1.6
Rice,1986,3600.0,8440.0,2.3444444444444446
Rice,1987,2900.0,6116.0,2.1089655172413795
Rice,1988,3274.0,6892.0,2.105070250458155
Rice,1989,3088.0,8100.0,2.623056994818653
Rice,1990,6816.0,9305.0,1.3651701877934272
Rice,1991,6800.0,16400.0,2.411764705882353
Rice,1992,6700.0,16100.0,2.4029850746268657
Rice,1993,5000.0,13200.0,2.64
Rice,1994,1700.0,4500.0,2.6470588235294117
Rice,1995,630.0,2300.0,3.6507936507936507
Rice,1996,2000.0,6596.0,3.298
Rice,1997,3233.0,9805.0,3.0327868852459017
Rice,1998,4144.0,7935.0,1.9148166023166022
Rice,1999,4919.0,8919.0,1.8131734092295182
Rice,2000,4266.0,11654.0,2.7318330989217063
Rice,2001,5090.0,15610.0,3.0667976424361494
Rice,2002,6423.0,20976.0,3.2657636618402615
Rice,2003,7607.0,27891.0,3.666491389509662
Rice,2004,12167.0,46191.0,3.7964165365332456
Rice,2005,13922.0,62194.0,4.467317914092803
Rice,2006,14034.0,62932.0,4.484252529571042
Rice,2007,15005.0,62000.0,4.131956014661779
Rice,2008,18455.0,82000.0,4.443240314277974
Rice,2009,14433.0,81081.0,5.617750987320723
Rice,2010,12975.0,67253.0,5.183275529865125
Rice,2011,14592.0,80541.0,5.51953125
Rice,2012,14701.0,84079.0,5.719270797904905
Rice,2013,17568.0,93746.0,5.3361794171220405
Rice,2014,23770.0,72723.0,3.059444678165755
Rice,2015,30204.0,97435.0,3.2258972321546815
Rice,2016,33430.0,110544.42,3.30674304516901
Rice,2017,31583.0,108958.15,3.449898679669442
Rice,2018,32780.0,113880.46,3.474083587553386
Rice,2019,32896.0,131576.89,3.9997838642996113
Rice,2020,29584.0,116504.47,3.9380905219037317
Rice,2021,31676.0,131758.0,4.159552973860336
Rice,2022,32253.0,135074.74,4.187974451988962
Rice,2023,32673.0,133628.01,4.089860435221743
Rice,2024,34551.0,141932.4,4.107910046018929
Sorghum,1961,112200.0,100525.0,0.8959447415329769
Sorghum,1962,111836.0,167769.0,1.5001341249687041
Sorghum,1963,87000.0,126959.0,1.4592988505747126
Sorghum,1964,97609.0,147231.0,1.5083752522820641
Sorghum,1965,93740.0,130000.0,1.386814593556646
Sorghum,1966,130000.0,143900.0,1.106923076923077
Sorghum,1967,132000.0,145200.0,1.1
Sorghum,1968,129000.0,122550.0,0.95
Sorghum,1969,125800.0,125800.0,1.0
Sorghum,1970,141837.0,156020.0,1.0999950647574328
Sorghum,1971,127668.0,140435.0,1.1000015665632734
Sorghum,1972,130987.0,144086.0,1.100002290303618
Sorghum,1973,131106.0,141585.0,1.0799276920964715
Sorghum,1974,134405.0,121128.0,0.9012164726014658
Sorghum,1975,132782.0,144321.0,1.0869018391046978
Sorghum,1976,138222.0,154887.0,1.1205669140947172
Sorghum,1977,145348.0,163776.0,1.126785370283733
Sorghum,1978,162039.0,182913.0,1.1288208394275452
Sorghum,1979,147418.0,162502.0,1.1023212904801314
Sorghum,1980,144600.0,178900.0,1.2372060857538036
Sorghum,1981,183600.0,192583.0,1.0489270152505448
Sorghum,1982,177270.0,214130.0,1.2079314040728832
Sorghum,1983,174600.0,188500.0,1.079610538373425
Sorghum,1984,184800.0,182600.0,0.9880952380952381
Sorghum,1985,184249.0,227549.0,1.235008059745236
Sorghum,1986,149717.0,193197.0,1.2904145821783766
Sorghum,1987,155590.0,188270.0,1.2100392056044733
Sorghum,1988,151891.0,140600.0,0.9256637983817343
Sorghum,1989,132400.0,147000.0,1.1102719033232629
Sorghum,1990,133421.0,142603.0,1.0688197510137085
Sorghum,1991,160000.0,205000.0,1.28125
Sorghum,1992,150000.0,112600.0,0.7506666666666667
Sorghum,1993,100000.0,128100.0,1.281
Sorghum,1994,80000.0,54800.0,0.685
Sorghum,1995,67093.0,77300.0,1.1521321151237833
Sorghum,1996,75000.0,102076.0,1.3610133333333334
Sorghum,1997,108894.0,122204.0,1.1222289565999963
Sorghum,1998,114639.0,120533.0,1.051413567808512
Sorghum,1999,129261.0,107566.0,0.8321612860801015
Sorghum,2000,174195.0,155106.0,0.8904159132007233
Sorghum,2001,185444.0,175904.0,0.9485558982765687
Sorghum,2002,171808.0,184351.0,1.0730059135779475
Sorghum,2003,179791.0,171587.0,0.9543692398395915
Sorghum,2004,179307.0,163772.0,0.9133608838472563
Sorghum,2005,196732.0,227927.0,1.1585659679157432
Sorghum,2006,170298.0,187380.0,1.1003065215093542
Sorghum,2007,162322.0,164000.0,1.0103374773598157
Sorghum,2008,143210.0,144000.0,1.0055163745548494
Sorghum,2009,146338.0,174553.0,1.1928070631004934
Sorghum,2010,133375.0,161229.0,1.2088397375820057
Sorghum,2011,119355.0,151754.0,1.2714507142557916
Sorghum,2012,97143.0,138695.0,1.4277405474403715
Sorghum,2013,109121.0,157492.0,1.4432785623298907
Sorghum,2014,137227.0,140578.0,1.024419392685113
Sorghum,2015,137696.0,133295.0,0.9680382872414595
Sorghum,2016,165812.0,163832.32,0.9880606952452176
Sorghum,2017,143490.0,151446.99,1.0554532720050176
Sorghum,2018,144137.0,154691.3,1.0732240854187334
Sorghum,2019,161850.0,159625.77,0.9862574606116774
Sorghum,2020,169419.0,170489.08,1.0063161746911502
Sorghum,2021,166669.0,178370.0,1.0702050171297601
Sorghum,2022,177261.0,192427.08,1.085557906138406
Sorghum,2023,159988.0,185720.4,1.1608395629672226
Sorghum,2024,154724.0,187766.21,1.213555815516662
Sugar cane,1968,48.0,1500.0,31.25
Sugar cane,1969,127.0,3696.0,29.10236220472441
Sugar cane,1970,244.0,4315.0,17.684426229508198
Sugar cane,1971,295.0,5714.0,19.36949152542373
Sugar cane,1972,332.0,7047.0,21.22590361445783
Sugar cane,1973,332.0,9360.0,28.19277108433735
Sugar cane,1974,450.0,9352.0,20.782222222222224
Sugar cane,1975,478.0,13894.0,29.06694560669456
Sugar cane,1976,600.0,17796.0,29.66
Sugar cane,1977,700.0,30076.0,42.965714285714284
Sugar cane,1978,600.0,25532.0,42.553333333333335
Sugar cane,1979,600.0,26953.0,44.92166666666667
Sugar cane,1980,600.0,24437.0,40.72833333333333
Sugar cane,1981,600.0,26437.0,44.06166666666667
Sugar cane,1982,700.0,24590.0,35.128571428571426
Sugar cane,1983,600.0,27840.0,46.4
Sugar cane,1984,600.0,24390.0,40.65
Sugar cane,1985,700.0,35870.0,51.24285714285714
Sugar cane,1986,800.0,34061.0,42.57625
Sugar cane,1987,900.0,46967.0,52.18555555555555
Sugar cane,1988,1000.0,51617.0,51.617
Sugar cane,1989,1200.0,51617.0,43.01416666666667
Sugar cane,1990,1000.0,35841.0,35.841
Sugar cane,1991,1300.0,38000.0,29.23076923076923
Sugar cane,1992,800.0,21000.0,26.25
Sugar cane,1993,1400.0,50000.0,35.714285714285715
Sugar cane,1994,500.0,10000.0,20.0
Sugar cane,1995,500.0,10000.0,20.0
Sugar cane,1996,750.0,15000.0,20.0
Sugar cane,1997,1000.0,20000.0,20.0
Sugar cane,1998,1500.0,30000.0,20.0
Sugar cane,1999,2000.0,40000.0,20.0
Sugar cane,2000,2000.0,40000.0,20.0
Sugar cane,2001,2000.0,40000.0,20.0
Sugar cane,2002,2200.0,45000.0,20.454545454545453
Sugar cane,2003,2500.0,50000.0,20.0
Sugar cane,2004,2200.0,60000.0,27.272727272727273
Sugar cane,2005,3400.0,58665.0,17.254411764705882
Sugar cane,2006,3600.0,58011.0,16.114166666666666
Sugar cane,2007,3600.0,97010.0,26.947222222222223
Sugar cane,2008,3600.0,63000.0,17.5
Sugar cane,2009,3600.0,100663.0,27.961944444444445
Sugar cane,2010,6072.0,115304.0,18.989459815546773
Sugar cane,2011,5174.0,95907.93,18.536515268650945
Sugar cane,2012,5387.0,96824.63,17.973757193242992
Sugar cane,2013,5643.0,98664.91,17.484478114478115
Sugar cane,2014,6168.0,101080.18,16.387837224383915
Sugar cane,2015,6604.0,102578.48,15.532780133252574
Sugar cane,2016,11030.0,93823.36,8.506197642792385
Sugar cane,2017,7905.0,99160.67,12.544044275774827
Sugar cane,2018,8513.0,98520.84,11.572987196053095
Sugar cane,2019,7471.0,101576.39,13.596090215499933
Sugar cane,2020,7391.0,109992.42,14.881940197537546
Sugar cane,2021,7614.0,112051.16,14.716464407670081
Sugar cane,2022,7680.0,113956.41,14.83807421875
Sugar cane,2023,6569.0,101979.0,15.524280712437205
Sugar cane,2024,7279.0,156258.74,21.467061409534274
Sweet potatoes,1961,60000.0,452000.0,7.533333333333333
Sweet potatoes,1962,82000.0,657000.0,8.012195121951219
Sweet potatoes,1963,81300.0,421274.0,5.181722017220173
Sweet potatoes,1964,69500.0,239000.0,3.4388489208633093
Sweet potatoes,1965,58068.0,203000.0,3.4959013570296893
Sweet potatoes,1966,36800.0,257100.0,6.986413043478261
Sweet potatoes,1967,48000.0,360300.0,7.50625
Sweet potatoes,1968,52500.0,367500.0,7.0
Sweet potatoes,1969,60960.0,324225.0,5.31865157480315
Sweet potatoes,1970,68814.0,412884.0,6.0
Sweet potatoes,1971,66512.0,399072.0,6.0
Sweet potatoes,1972,72537.0,413609.0,5.702041716641163
Sweet potatoes,1973,73630.0,425700.0,5.7816107564851285
Sweet potatoes,1974,81667.0,612230.0,7.496663278925392
Sweet potatoes,1975,86992.0,674587.0,7.754586628655509
Sweet potatoes,1976,89675.0,694372.0,7.743206021745191
Sweet potatoes,1977,91786.0,702410.0,7.652692131697645
Sweet potatoes,1978,95603.0,772944.0,8.08493457318285
Sweet potatoes,1979,105878.0,867600.0,8.194336878293885
Sweet potatoes,1980,114175.0,870857.0,7.627387781913729
Sweet potatoes,1981,120816.0,957663.0,7.926623957091776
Sweet potatoes,1982,120845.0,1026790.0,8.496752037734288
Sweet potatoes,1983,122100.0,923000.0,7.559377559377559
Sweet potatoes,1984,123500.0,811900.0,6.574089068825911
Sweet potatoes,1985,135929.0,979540.0,7.206262092710165
Sweet potatoes,1986,125800.0,892890.0,7.097694753577106
Sweet potatoes,1987,125840.0,895140.0,7.113318499682136
Sweet potatoes,1988,130000.0,849100.0,6.531538461538462
Sweet potatoes,1989,162000.0,771500.0,4.762345679012346
Sweet potatoes,1990,175893.0,817738.0,4.649065056596909
Sweet potatoes,1991,200000.0,1000000.0,5.0
Sweet potatoes,1992,210000.0,1055200.0,5.024761904761904
Sweet potatoes,1993,200000.0,997100.0,4.9855
Sweet potatoes,1994,148000.0,739300.0,4.995270270270271
Sweet potatoes,1995,110000.0,550500.0,5.004545454545455
Sweet potatoes,1996,130000.0,664601.0,5.112315384615385
Sweet potatoes,1997,149342.0,741624.0,4.965943940753438
Sweet potatoes,1998,148850.0,751141.0,5.046294927779644
Sweet potatoes,1999,179941.0,862562.0,4.793582340878399
Sweet potatoes,2000,174663.0,1032916.0,5.91376536530347
Sweet potatoes,2001,192727.0,1156359.0,5.999984433940237
Sweet potatoes,2002,195370.0,1292361.0,6.6149408814045145
Sweet potatoes,2003,147130.0,868204.0,5.9009311493237275
Sweet potatoes,2004,163070.0,908306.0,5.570037407248421
Sweet potatoes,2005,148526.0,885648.0,5.962915583803509
Sweet potatoes,2006,135725.0,777034.0,5.7250617056548165
Sweet potatoes,2007,147563.0,841000.0,5.699260654771183
Sweet potatoes,2008,149724.0,826000.0,5.516817611071037
Sweet potatoes,2009,123386.0,803228.0,6.509879564942538
Sweet potatoes,2010,112194.0,840072.0,7.487673137600941
Sweet potatoes,2011,104928.0,845098.7,8.054081846599573
Sweet potatoes,2012,109388.0,1005305.0,9.190267671042527
Sweet potatoes,2013,112436.0,1081223.5,9.61634618805365
Sweet potatoes,2014,140977.0,940786.0,6.673329692077431
Sweet potatoes,2015,139706.0,931027.0,6.664187651210399
Sweet potatoes,2016,135575.0,919123.02,6.779443260188088
Sweet potatoes,2017,184609.0,1078973.05,5.844639481282061
Sweet potatoes,2018,173122.0,1186731.22,6.854883954667806
Sweet potatoes,2019,183889.0,1247583.96,6.784440396108522
Sweet potatoes,2020,179555.0,1275614.12,7.104308540558604
Sweet potatoes,2021,192484.0,1328750.0,6.903171172668897
Sweet potatoes,2022,189435.0,1372745.21,7.2465236624699765
Sweet potatoes,2023,178105.0,1312377.62,7.368561354257321
Sweet potatoes,2024,179717.0,1398268.09,7.780388555339784
Taro,1961,2700.0,9600.0,3.5555555555555554
Taro,1962,2500.0,10000.0,4.0
Taro,1963,2500.0,10000.0,4.0
Taro,1964,2600.0,11000.0,4.230769230769231
Taro,1965,2600.0,10582.0,4.07
Taro,1966,2500.0,10000.0,4.0
Taro,1967,2500.0,10000.0,4.0
Taro,1968,1950.0,6825.0,3.5
Taro,1969,6700.0,33500.0,5.0
Taro,1970,7780.0,31120.0,4.0
Taro,1971,5400.0,21800.0,4.037037037037037
Taro,1972,5308.0,23886.0,4.5
Taro,1973,4438.0,18655.0,4.203470031545741
Taro,1974,4800.0,19950.0,4.15625
Taro,1975,5183.0,17862.0,3.4462666409415394
Taro,1976,4808.0,16444.0,3.4201331114808653
Taro,1977,5456.0,18585.0,3.406341642228739
Taro,1978,5090.0,18202.0,3.5760314341846757
Taro,1979,7000.0,36781.0,5.254428571428571
Taro,1980,4900.0,29570.0,6.03469387755102
Taro,1981,7430.0,31314.0,4.214535666218035
Taro,1982,7279.0,30500.0,4.190136007693365
Taro,1983,6800.0,34768.0,5.1129411764705885
Taro,1984,6700.0,34600.0,5.164179104477612
Taro,1985,6936.0,39000.0,5.622837370242214
Taro,1986,6865.0,41400.0,6.030589949016751
Taro,1987,6490.0,39200.0,6.040061633281972
Taro,1988,6500.0,39000.0,6.0
Taro,1989,13500.0,81600.0,6.044444444444444
Taro,1990,52137.0,81613.0,1.5653566565011412
Taro,1991,15000.0,66500.0,4.433333333333334
Taro,1992,23000.0,103300.0,4.491304347826087
Taro,1993,28000.0,126300.0,4.510714285714286
Taro,1994,30000.0,140800.0,4.693333333333333
Taro,1995,10000.0,44800.0,4.48
Taro,1996,14000.0,62384.0,4.456
Taro,1997,42914.0,71716.0,1.671156266020413
Taro,1998,46158.0,83743.0,1.8142683825122405
Taro,1999,49049.0,90247.0,1.8399355746294521
Taro,2000,21320.0,90945.0,4.265712945590995
Taro,2001,25669.0,112871.0,4.397171685690911
Taro,2002,25334.0,122845.0,4.849017131128128
Taro,2003,27138.0,138810.0,5.114967941631661
Taro,2004,27097.0,136359.0,5.032254493117319
Taro,2005,26638.0,136895.0,5.139087018544936
Taro,2006,25251.0,125387.0,4.965625123757475
Taro,2007,25677.0,123299.0,4.801923900767224
Taro,2008,28470.0,130428.0,4.581243414120126
Taro,2009,26316.0,136849.0,5.200220398236814
Taro,2010,25999.0,185964.0,7.152736643717066
Taro,2011,23799.0,187248.0,7.867893608975167
Taro,2012,20454.0,130505.0,6.38041458883348
Taro,2013,20650.0,93391.87,4.522608716707022
Taro,2014,24924.0,66879.0,2.683317284545017
Taro,2015,29042.0,82237.0,2.8316575993388886
Taro,2016,40144.0,166189.18,4.139826125946592
Taro,2017,55463.0,215015.43,3.8767363828137675
Taro,2018,30693.0,167983.97,5.473038477828821
Taro,2019,28163.0,171803.41,6.100323474061712
Taro,2020,29015.0,188041.76,6.480846458728244
Taro,2021,30629.0,200856.0,6.557706748506318
Taro,2022,29160.0,202892.15,6.957892661179698
Taro,2023,26992.0,191924.01,7.110403452874926
Taro,2024,28816.0,203676.06,7.068158661854525
Tea leaves,1961,320.0,160.0,0.5
Tea leaves,1962,320.0,210.0,0.65625
Tea leaves,1963,450.0,300.0,0.6666666666666666
Tea leaves,1964,500.0,320.0,0.64
Tea leaves,1965,620.0,340.0,0.5483870967741935
Tea leaves,1966,680.0,348.0,0.5117647058823529
Tea leaves,1967,830.0,430.0,0.5180722891566265
Tea leaves,1968,1280.0,830.0,0.6484375
Tea leaves,1969,1477.0,976.0,0.6607989167230873
Tea leaves,1970,1573.0,1245.0,0.7914812460267006
Tea leaves,1971,2144.0,1819.0,0.8484141791044776
Tea leaves,1972,2530.0,2396.0,0.9470355731225296
Tea leaves,1973,2733.0,2803.0,1.0256128796194657
Tea leaves,1974,3208.0,3432.0,1.0698254364089776
Tea leaves,1975,3459.0,3995.0,1.1549580803700492
Tea leaves,1976,3909.0,4976.0,1.2729598362752623
Tea leaves,1977,5084.0,5356.0,1.053501180173092
Tea leaves,1978,5934.0,5342.0,0.9002359285473542
Tea leaves,1979,6583.0,5670.0,0.8613094333890323
Tea leaves,1980,8900.0,6627.0,0.7446067415730337
Tea leaves,1981,9200.0,6846.0,0.7441304347826087
Tea leaves,1982,9500.0,7100.0,0.7473684210526316
Tea leaves,1983,7835.0,6670.0,0.8513082322910019
Tea leaves,1984,9500.0,8100.0,0.8526315789473684
Tea leaves,1985,12700.0,10800.0,0.8503937007874016
Tea leaves,1986,10900.0,10350.0,0.9495412844036697
Tea leaves,1987,11500.0,11677.0,1.015391304347826
Tea leaves,1988,11700.0,12286.0,1.05008547008547
Tea leaves,1989,11900.0,12975.0,1.0903361344537814
Tea leaves,1990,12300.0,12854.0,1.045040650406504
Tea leaves,1991,12000.0,59000.0,4.916666666666667
Tea leaves,1992,12566.0,59000.0,4.695209294922807
Tea leaves,1993,10000.0,49000.0,4.9
Tea leaves,1994,4000.0,18000.0,4.5
Tea leaves,1995,5535.0,24000.0,4.336043360433604
Tea leaves,1996,11000.0,39000.0,3.5454545454545454
Tea leaves,1997,10414.0,58000.0,5.569425772997888
Tea leaves,1998,11000.0,65000.0,5.909090909090909
Tea leaves,1999,10032.0,56000.0,5.582137161084529
Tea leaves,2000,12300.0,63000.0,5.121951219512195
Tea leaves,2001,12825.0,77000.0,6.003898635477583
Tea leaves,2002,12500.0,65000.0,5.2
Tea leaves,2003,12500.0,67000.0,5.36
Tea leaves,2004,11700.0,63000.0,5.384615384615385
Tea leaves,2005,13280.0,72000.0,5.421686746987952
Tea leaves,2006,11750.0,74000.0,6.297872340425532
Tea leaves,2007,11674.0,89000.0,7.623779338701388
Tea leaves,2008,11895.0,87000.0,7.313997477931904
Tea leaves,2009,12500.0,89000.0,7.12
Tea leaves,2010,13549.0,97000.0,7.159199940955052
Tea leaves,2011,15065.0,105000.0,6.969797543976104
Tea leaves,2012,15383.0,98000.0,6.370668920236625
Tea leaves,2013,15620.0,96000.0,6.145966709346991
Tea leaves,2014,17220.0,108000.0,6.2717770034843205
Tea leaves,2015,17188.0,110000.0,6.399813823597859
Tea leaves,2016,17221.0,111000.0,6.445618721328611
Tea leaves,2017,18509.0,121000.0,6.5373602031444165
Tea leaves,2018,20466.0,135000.0,6.596306068601583
Tea leaves,2019,21249.0,134378.13,6.323974304673161
Tea leaves,2020,23197.0,140004.94,6.035476139155925
Tea leaves,2021,26309.0,149627.41,5.6873089056976704
Tea leaves,2022,32800.0,160419.78,4.890846951219512
Tea leaves,2023,33430.0,158499.4,4.741232425964702
Tea leaves,2024,35050.0,160591.77,4.581790870185449
