Corridor,Alternative,Class,Added veh/h,v/c after,Spare cap. veh/h
NR9,Musanze - Rubavu Road,trunk,19201.012686514794,8.717077580200447,0.0
NR9,Ruhengeri-Gisenyi Road,trunk,14766.616591578273,13.03552609434106,0.0
NR9,Ruhengeri - Gisenyi Road,trunk,13333.850722846299,8.06210422150568,0.0
KN 3 Road,NR23,primary,28117.16488362189,32.37599192407893,0.0
KN 3 Road,KN 5 Rd,primary,24666.045573612682,15.195841391196709,0.0
KN 3 Road,KN 5 Road,primary,24025.777463788687,15.29129301822706,0.0
NR8,Musanze - Rubavu Road,trunk,19201.012686514794,8.717077580200447,0.0
NR8,Ruhengeri-Gisenyi Road,trunk,14766.616591578273,13.03552609434106,0.0
NR8,Ruhengeri - Gisenyi Road,trunk,13333.850722846299,8.06210422150568,0.0
NR22,Musanze - Rubavu Road,trunk,19201.012686514794,8.717077580200447,0.0
NR22,Ruhengeri-Gisenyi Road,trunk,14766.616591578273,13.03552609434106,0.0
NR22,Ruhengeri - Gisenyi Road,trunk,13333.850722846299,8.06210422150568,0.0
NR21,Musanze - Rubavu Road,trunk,14181.745999560215,7.043988684548921,0.0
NR21,Ruhengeri-Gisenyi Road,trunk,12150.904790821238,11.291718227169703,0.0
NR21,KN 7 Road,primary,9385.329195973703,14.50251599946463,0.0
NR6,Musanze - Rubavu Road,trunk,19201.457577969053,8.717225877351867,0.0
NR6,Ruhengeri-Gisenyi Road,trunk,14766.054741946211,13.035151527919686,0.0
NR6,Ruhengeri - Gisenyi Road,trunk,13334.295653205569,8.062252531625436,0.0
