Commodity,Unit,Latest month,Latest price,12-month change %,3-year change %,Volatility % (monthly),5-yr low,5-yr high,Markets
Onions (white),KG,2015-12,961.4,96.74,-32.19,20.3,448.71,1670.02,59
Guava,KG,2015-12,261.4,66.85,17.78,57.3,79.56,396.67,39
Potatoes (Irish),KG,2026-07,629.17,34.66,38.06,10.54,208.17,633.28,104
Peas (fresh),KG,2015-12,847.14,32.55,19.29,23.01,544.18,1499.94,58
Onions (red),KG,2015-12,575.33,31.11,-12.02,15.13,392.72,952.46,64
Peas (dry),KG,2015-12,1095.83,30.46,41.62,5.84,614.17,1154.81,62
Fish (dry),KG,2026-07,4458.82,30.04,69.29,6.82,2008.51,4998.75,32
Oil (palm),L,2026-07,3957.14,29.96,66.81,5.77,1906.67,3957.14,30
Meat (beef),KG,2026-07,7600.0,25.76,113.33,6.03,2715.0,7600.0,94
Livestock (pig),Unit,2015-12,59678.76,23.68,36.54,17.39,39144.99,84043.78,24
Cassava,KG,2026-07,473.24,20.87,56.74,9.64,171.88,513.46,101
Cassava flour,KG,2026-07,781.84,18.34,-9.61,7.96,370.53,925.0,104
Salt,KG,2026-08,632.87,18.0,57.13,4.42,371.26,632.87,38
"Rice (imported, Tanzanian)",KG,2026-08,1633.33,17.58,29.87,5.27,901.39,1748.72,95
Sorghum,KG,2026-07,858.95,16.57,37.02,7.39,413.94,923.0,102
Sweet potatoes,KG,2015-12,150.59,16.51,9.67,7.01,82.58,174.77,78
Rice,KG,2015-12,741.36,14.99,22.4,4.06,584.69,741.36,73
Meat (mutton),KG,2015-12,1798.22,14.02,27.5,5.34,1383.33,2070.6,41
Avocados,Unit,2015-12,225.66,12.94,28.3,6.4,170.48,244.33,62
Oil,L,2026-08,3476.08,12.23,37.81,3.82,2202.61,3540.87,38
Cassava leaves,KG,2026-07,575.0,11.42,56.17,12.1,232.14,643.85,84
Mangoes,KG,2015-12,514.84,11.18,8.35,16.13,298.28,920.32,62
Tomatoes,KG,2015-12,367.74,11.04,-1.72,13.97,273.2,465.33,64
Chili (red),KG,2015-12,917.37,10.75,24.33,24.71,655.9,1952.85,63
Charcoal,Sack,2015-12,6382.72,10.42,14.2,3.87,4698.43,6416.11,48
Livestock (hen),Unit,2015-12,4514.32,9.66,13.5,3.47,3687.76,4514.32,63
Livestock (Goat),Unit,2015-12,24456.17,9.56,14.65,4.68,18551.13,24619.79,48
Papaya,KG,2015-12,431.39,9.47,26.7,5.12,269.45,466.51,57
Livestock (cattle),Unit,2015-12,195756.43,8.82,1.35,25.25,147777.78,300000.0,43
Potatoes,KG,2026-07,375.0,8.28,37.7,11.37,129.56,437.01,32
Beans (dry),KG,2026-08,952.62,7.28,-14.78,9.62,308.61,1407.64,108
Meat (pork),KG,2015-12,1784.51,7.02,18.0,6.06,1468.55,1857.66,60
Livestock (Sheep),Unit,2015-12,18770.31,6.27,12.88,3.27,15110.67,19294.34,38
Maize,KG,2026-08,590.66,4.45,-0.86,9.6,276.21,698.28,107
Maize flour (imported),KG,2026-07,1199.44,4.41,-0.05,100.14,447.15,4992.5,85
Garlic,KG,2015-12,2670.13,3.91,1.26,5.32,2111.71,2828.91,63
Soybeans,KG,2015-12,520.1,3.17,28.31,5.89,353.35,550.04,64
Meat (goat),KG,2015-12,2610.63,3.15,6.26,18.56,1537.5,4464.12,64
Eggs,Unit,2015-12,102.41,2.21,15.12,3.33,85.26,102.41,64
Maize flour,KG,2026-08,936.98,2.11,-2.76,6.81,512.43,1027.3,108
Zucchini,KG,2015-12,277.76,1.39,12.84,9.15,219.63,354.09,48
Spinach,KG,2015-12,254.28,1.09,2.39,11.0,163.06,388.72,43
Wheat flour,KG,2015-12,627.09,0.61,15.19,3.39,456.78,627.09,69
Milk,L,2015-12,322.95,0.34,15.15,3.48,280.45,362.29,63
Passion fruit,KG,2015-12,998.07,0.23,28.29,8.92,599.87,1096.64,61
Groundnuts (shelled),KG,2015-12,1020.76,-0.21,9.64,4.2,776.42,1107.41,64
Cucumbers (greenhouse),KG,2015-12,379.16,-0.5,0.51,10.71,356.46,532.28,44
Rice (local),KG,2026-08,1182.54,-1.31,15.67,4.1,681.35,1302.01,84
"Rice (imported, Indian)",KG,2015-12,766.43,-2.05,7.49,1.39,693.32,787.26,62
"Rice (long grain, high quality, local)",KG,2026-08,1299.07,-3.22,15.0,4.93,785.2,1539.38,38
Eggplants,KG,2015-12,253.16,-3.36,6.29,7.98,185.03,325.05,65
Sugar,KG,2026-07,1670.4,-4.39,-4.55,5.58,1006.25,2050.98,33
Rice (imported),KG,2026-08,1362.12,-4.61,11.04,5.06,994.39,1667.64,38
Oranges (big size),KG,2015-12,543.39,-5.19,18.81,10.24,411.17,726.09,64
Wheat,KG,2015-12,450.6,-5.34,19.16,6.45,304.84,520.84,56
Sorghum flour,KG,2015-12,480.98,-6.15,-0.91,5.3,345.9,522.93,73
Cauliflower,KG,2015-12,396.03,-7.71,15.1,12.84,279.65,617.88,43
Apples (red),KG,2015-12,2362.29,-10.71,7.0,4.86,2207.74,2652.22,45
Peppers (green),KG,2015-12,495.01,-10.94,4.99,11.16,328.53,787.8,62
Carrots,KG,2015-12,300.91,-11.12,-13.31,9.33,252.15,456.49,64
Bananas,KG,2026-07,375.53,-13.54,24.83,10.97,157.01,485.94,99
Cabbage,KG,2026-07,333.82,-21.29,63.05,14.16,109.56,424.09,89
"Beans (green, fresh)",KG,2015-12,310.89,-28.75,-23.9,22.13,310.89,1137.57,61
