From,To,Vehicles/h,Free-flow min
Nyabirasi,Bigogwe,9866.80481199696,23.010875764066828
Butare,Giheke,9381.373213868494,38.98712803807155
Kibeho,Ruhashya,8090.761810452484,49.16862041010898
Gacaca,Kinigi,7720.855532462112,13.256962949373428
Muganza (1),Mamba,7063.142177630657,53.56993611148991
Cyanika (1),Ruhashya,6898.703793961485,31.111016474606327
Bigogwe,Nyabirasi,6583.306505884505,23.010875764066814
Byumba,Mutete,6384.181123269456,35.59052543359458
Nyamugari,Gahara,6210.911554112459,36.99423775338893
Jali,Bumbogo,5979.676543450712,13.97193635309845
Ruhashya,Cyanika (1),5789.855742578937,31.140734072166836
Muyumbu,Bumbogo,5397.0163187598655,12.071726760882697
Bumbogo,Jali,5372.150665232359,12.2644871236452
Muzo,Gacaca,5127.635098688411,31.698430316160586
Nduba,Jali,4823.324502542785,18.36500916590819
Mpanga,Nyamugari,4656.3110724941935,82.74637178327637
Muhanda,Byimana,4588.528912529443,54.87198765812164
Kinigi,Gacaca,4560.175135831353,13.255859131848446
Giheke,Bushekeri,4497.3407349852505,26.186246205542975
Mamba,Mukingo,4487.050946774604,51.39837081325224
Jali,Gahanga,4274.08121098672,12.938596217506001
Mukingo,Byimana,4242.594653809106,33.05009758984456
Gahanga,Jali,4242.141738828487,11.29555361931962
Gahanga,Bumbogo,4145.503986316706,10.228427753175191
Cyato,Bushekeri,4134.210850417113,26.762097321194954
Butaro,Gacaca,4024.0666358945414,48.77470394472571
Rurenge,Mwiri,4014.7008922622,25.947084758003438
Nyagihanga,Rwempasha,4005.1692829713056,43.62314919636959
Kabarore,Karangazi,3941.6461129508393,40.89362821548178
Byimana,Musambira,3915.8849822576144,20.209872627194976
Buruhukiro,Mugano,3834.9570438629207,49.21008586478915
Bushekeri,Giheke,3794.2044004174854,26.18624620554294
Kiyombe,Mutete,3745.8192589495716,86.40869611073138
Mukura (2),Nyarusange,3725.886817242716,27.873884219057558
Bumbogo,Gahanga,3678.3924589664684,10.363133944036077
Rambura,Gacaca,3669.5616060652633,23.88690672874116
Ruhango (2),Nyabirasi,3657.6482303703656,44.63095619430654
Gakenke,Muhondo,3642.009144684037,24.41107432512277
Gahara,Rurenge,3593.550666525149,37.842217028392184
Mwiri,Rurenge,3537.1387042985066,25.94708475800343
