Region,Province,Residents,Devices,Tests,Down Mbps,Est. phone users,"Test devices /1,000 res.",Work share %,Busiest calling hour,People calling in that hour
Kinyinya,City of Kigali,148264.44913911296,57.0,339.0,33.260971234691674,91923.95846625003,0.3844481959833694,58.97755610972568,17:00–18:00,23193.0336604061
Bumbogo,City of Kigali,122038.51515350267,19.0,85.0,23.848258342382398,75663.87939517165,0.15568855435598664,43.66729678638941,17:00–18:00,19438.036313428784
Karangazi,Eastern Province,105315.37727847513,2.0,4.0,44.82039452526944,65295.53391265458,0.018990579074806863,5.0,18:00–19:00,19196.886970320444
Ndera,City of Kigali,100413.42028762362,21.0,68.0,29.15579713239547,62256.320578326646,0.20913539186144361,36.36363636363637,17:00–18:00,16130.046695293724
Nyagatare,Eastern Province,94521.26321848335,11.0,59.0,5.9297090457679165,58603.18319545968,0.1163759309328505,8.771929824561404,18:00–19:00,16964.079346054117
Nyamata,Eastern Province,92565.32463785211,21.0,83.0,18.621401393598667,57390.50127546831,0.22686681089446115,33.13953488372093,18:00–19:00,14934.876959825358
Gisozi,City of Kigali,92027.40606444652,37.0,87.0,22.66292007932108,57056.99175995684,0.4020541443283646,70.28824833702882,11:00–12:00,15082.781724217413
Rwimiyaga,Eastern Province,86504.4124502762,1.0,13.0,12.96,53632.73571917124,0.011560103949319491,5.0,18:00–19:00,15768.024301436344
Muhoza,Northern Province,85173.05924758063,22.0,76.0,15.506913228357574,52807.29673349999,0.2582976377078403,49.25373134328358,17:00–18:00,13477.683196161937
Gahanga,City of Kigali,84591.29573825617,15.0,76.0,11.338615593597789,52446.60335771883,0.177323208837151,46.666666666666664,17:00–18:00,13426.33045957602
Masaka,City of Kigali,82691.39296603792,9.0,39.0,20.733014010997266,51268.66363894351,0.10883841325174409,51.26903553299492,17:00–18:00,13053.990701164501
Ruhango (1),Southern Province,81362.6635892562,2.0,16.0,9.57842866624371,50444.85142533885,0.024581299477812284,46.666666666666664,17:00–18:00,12913.881964886745
Kabarore,Eastern Province,80466.13312908524,16.0,73.0,11.956092164347224,49889.002540032845,0.19884141784634424,33.33333333333333,17:00–18:00,12971.140660408539
Nduba,City of Kigali,78821.6022254217,8.0,32.0,13.140775504239723,48869.39337976145,0.10149501880361199,35.55555555555556,17:00–18:00,12673.462683151469
Mahama,Eastern Province,78231.05473877596,0.0,0.0,,48503.253938041096,0.0,5.0,18:00–19:00,14259.956657784081
Runda,Southern Province,77283.32583027499,25.0,82.0,18.988103559783482,47915.662014770496,0.3234850432666873,37.755102040816325,17:00–18:00,12394.510531371756
Rubavu,Western Province,77115.99434425628,2.0,4.0,16.222,47811.91649343889,0.025934957034616297,67.51592356687898,11:00–12:00,12479.823808287425
Rugerero,Western Province,75977.33816409169,11.0,24.0,17.47851883768259,47105.94966173685,0.14478001290651699,21.333333333333336,18:00–19:00,12925.872587180591
Mayange,Eastern Province,72956.21269640623,30.0,133.0,5.012433479384498,45232.85187177186,0.41120555592488667,56.896551724137936,17:00–18:00,11440.792016532641
Jabana,City of Kigali,72943.0867911942,9.0,25.0,12.237583975263414,45224.71381054041,0.1233838653656551,22.22222222222222,18:00–19:00,12361.421774881044
Kigali,City of Kigali,72766.85333603107,14.0,86.0,17.325328549194822,45115.449068339265,0.1923952920617469,59.20679886685553,17:00–18:00,11379.828852818493
Kimironko,City of Kigali,71438.19871486243,30.0,80.0,42.804623553032684,44291.68320321471,0.4199433991853804,72.90132547864506,11:00–12:00,11847.209872412157
Nyamirambo,City of Kigali,70594.65402427866,18.0,72.0,32.76756094993572,43768.68549505277,0.25497681444560244,57.25806451612904,17:00–18:00,11065.712018305681
Gatenga,City of Kigali,69841.37170585689,22.0,73.0,25.794207548116212,43301.65045763127,0.3149995405682315,74.54909819639278,11:00–12:00,11668.015872811824
Kanombe,City of Kigali,69398.79033906257,26.0,74.0,32.08482056424368,43027.25001021879,0.3746462996396834,62.604340567612695,11:00–12:00,10977.336137832446
Rusororo,City of Kigali,68952.16061564485,10.0,36.0,30.303643173028927,42750.33958169981,0.1450280877453905,36.0,17:00–18:00,11080.888019576592
Cyuve,Northern Province,65038.23984929555,4.0,15.0,14.78930680094256,40323.70870656324,0.06150227941698096,21.359223300970875,18:00–19:00,11063.572893664827
Gisenyi,Western Province,64100.24609032605,10.0,15.0,59.29652340082688,39742.152576002154,0.1560056413185782,47.741935483870975,17:00–18:00,10161.171010238486
Rugarika,Southern Province,63767.525333115474,10.0,36.0,10.615498917402716,39535.86570653159,0.1568196342536574,27.848101265822784,18:00–19:00,10539.561161766524
Rweru,Eastern Province,63446.92315611776,2.0,2.0,0.41348103722577095,39337.09235679301,0.03152241118263201,42.307692307692314,17:00–18:00,10121.736456420971
Nyamabuye,Southern Province,62668.68314523241,14.0,32.0,28.88941956929792,38854.583550044095,0.22339706688196248,53.39366515837104,17:00–18:00,9868.360971330205
Mageregere,City of Kigali,61685.52207347486,2.0,5.0,7.981040946745942,38245.02368555441,0.032422518814346095,25.71428571428571,18:00–19:00,10293.374946226359
Murundi (2),Eastern Province,61310.46112551222,0.0,0.0,,38012.485897817576,0.0,5.0,18:00–19:00,11175.670853958367
Nyakiriba,Western Province,60126.066325584776,0.0,0.0,,37278.16112186256,0.0,5.0,18:00–19:00,10959.779369827593
Muyumbu,Eastern Province,60123.63656322875,22.0,161.0,20.320943804515522,37276.654669201824,0.3659126635971828,39.42857142857143,17:00–18:00,9623.767188311647
Mukarange (2),Eastern Province,59056.1981593866,7.0,34.0,5.404585213997829,36614.84285881969,0.1185311655367269,28.07017543859649,18:00–19:00,9751.110782401454
Nyarugunga,City of Kigali,58708.137421006584,29.0,58.0,50.14192820544817,36399.045201024084,0.4939690011290223,69.72624798711756,11:00–12:00,9597.390758801424
Nyundo,Western Province,57912.875588665156,1.0,1.0,170.916,35905.98286497239,0.017267317325125577,28.57142857142857,18:00–19:00,9540.732589835521
Kinazi (2),Southern Province,56618.18062350206,1.0,1.0,1.118,35103.27198657128,0.01766217121404467,83.33333333333334,11:00–12:00,9828.916156239959
Kigarama (1),City of Kigali,55859.70381103736,19.0,79.0,27.103894717877967,34633.01636284316,0.3401378579498622,68.9922480620155,11:00–12:00,9101.23453256111
Tabagwe,Eastern Province,55771.600619939585,4.0,14.0,12.02937129671466,34578.392384362545,0.07172109022400751,25.0,18:00–19:00,9336.165943777887
Muhazi,Eastern Province,54840.72629847849,9.0,22.0,42.540790583944684,34001.25030505667,0.16411161207122266,11.538461538461538,18:00–19:00,9729.5885488316
Rwimbogo (2),Eastern Province,54804.02618646421,4.0,8.0,11.990672461862703,33978.49623560781,0.07298733830960656,5.0,18:00–19:00,9989.677893268696
Gahini,Eastern Province,54688.41517814162,5.0,11.0,14.886801206850286,33906.8174104478,0.0914270414257396,5.0,18:00–19:00,9968.604318671654
Shyogwe,Southern Province,54327.64278677191,12.0,49.0,20.514709394846104,33683.13852779858,0.22088202956086744,22.22222222222222,18:00–19:00,9206.724530931613
Kimisagara,City of Kigali,54280.05568391086,15.0,36.0,35.909158849407525,33653.63452402473,0.2763445949162161,83.09859154929578,11:00–12:00,9413.537769677903
Kigabiro,Eastern Province,53427.326390697395,12.0,63.0,34.35618317539705,33124.94236223239,0.22460416439796627,31.818181818181824,18:00–19:00,8672.712182111753
Busasamana (1),Southern Province,52787.23484545483,0.0,0.0,,32728.085604181993,0.0,5.0,18:00–19:00,9622.057167629506
Jali,City of Kigali,52670.76600740299,3.0,5.0,7.436805969009118,32655.874924589854,0.05695759198904272,14.457831325301203,18:00–19:00,9230.202719649133
Rugarama (2),Eastern Province,51602.87194412302,4.0,41.0,21.70354683143727,31993.78060535627,0.0775150655244791,5.0,18:00–19:00,9406.171497974743
Ntarama,Eastern Province,50730.98014471888,19.0,120.0,20.572521220402383,31453.207689725707,0.3745245990871696,49.79079497907949,17:00–18:00,8022.542011571879
Nyamyumba,Western Province,50515.112473390676,3.0,4.0,41.76846528368104,31319.36973350222,0.05938816827499452,50.0,17:00–18:00,7986.439282043067
Mukingo,Southern Province,50465.74649185271,0.0,0.0,,31288.76282494868,0.0,30.0,18:00–19:00,8260.23338578645
Mbuye,Southern Province,49823.190641204776,0.0,0.0,,30890.37819754696,0.0,83.33333333333334,11:00–12:00,8649.30589531315
Byumba,Northern Province,49738.09502031017,5.0,23.0,51.387611162626406,30837.618912592305,0.1005265681759281,28.69955156950673,18:00–19:00,8189.254672662404
Gahara,Eastern Province,49483.371822511275,4.0,25.0,43.194564739535,30679.69052995699,0.08083523520481471,5.0,18:00–19:00,9019.829015807354
Cyanzarwe,Western Province,49142.01210326444,0.0,0.0,,30468.04750402395,0.0,54.54545454545454,17:00–18:00,7727.80477602062
Katabagemu,Eastern Province,48921.61527425647,0.0,0.0,,30331.40147003901,0.0,5.0,18:00–19:00,8917.43203219147
Mugina,Southern Province,48414.21022682761,3.0,11.0,15.923688856131621,30016.810340633117,0.06196527808559851,33.33333333333333,17:00–18:00,7804.370688564611
Gitoki,Eastern Province,48396.6683443204,1.0,1.0,0.711,30005.93437347865,0.020662579351236585,28.57142857142857,18:00–19:00,7973.005419238612
Rukomo (2),Eastern Province,47907.591891778284,0.0,0.0,,29702.706972902535,0.0,5.0,18:00–19:00,8732.595850033345
Nyamiyaga (1),Southern Province,47870.06791161295,0.0,0.0,,29679.442105200025,0.0,27.27272727272727,18:00–19:00,7932.505435389825
Mpanga,Eastern Province,46743.2487303322,5.0,14.0,61.67732526599475,28980.814212805963,0.10696731904206407,60.0,16:00–17:00,7303.165181627103
Cyanika (2),Northern Province,46707.59531086108,1.0,1.0,23.652,28958.70909273387,0.02140979413186503,5.0,18:00–19:00,8513.860473263758
Muyira,Southern Province,46596.44620053408,0.0,0.0,,28889.79664433113,0.0,30.0,18:00–19:00,7626.906314103417
Musanze,Northern Province,46513.425904299926,10.0,21.0,9.905326376418483,28838.324060665953,0.2149916890786484,55.88235294117647,17:00–18:00,7302.88147536276
Shyrongi,Northern Province,46469.2641414395,4.0,14.0,27.084665145464342,28810.943767692486,0.08607840201267475,33.33333333333333,17:00–18:00,7490.845379600047
Gasaka,Southern Province,46282.87931353726,2.0,3.0,48.55212128080326,28695.3851743931,0.0432125232842854,5.0,18:00–19:00,8436.44324127157
Rilima,Eastern Province,46049.01511594404,5.0,13.0,37.49967208587826,28550.389371885307,0.1085799552370621,53.48837209302325,17:00–18:00,7250.470975371803
Busasamana (2),Western Province,46044.25765093713,1.0,1.0,63.616,28547.43974358102,0.02171823482487283,5.0,18:00–19:00,8392.94728461282
Mamba,Southern Province,45995.64744957185,2.0,3.0,48.116,28517.301418734547,0.04348237520066949,71.42857142857143,11:00–12:00,7577.454376978036
Kibilizi,Southern Province,45873.12457131803,0.0,0.0,,28441.33723421718,0.0,30.0,18:00–19:00,7508.513029833334
Musenyi,Eastern Province,45839.38433118092,8.0,60.0,19.306469184619523,28420.41828533217,0.17452241378726877,40.0,17:00–18:00,7332.467917615701
Kiziguro,Eastern Province,45833.82434322982,2.0,27.0,96.024,28416.971092802487,0.043635896167486685,95.0,11:00–12:00,8354.589501283932
Bugarama,Western Province,45682.392638451835,1.0,1.0,42.781,28323.083435840137,0.021890271989788004,42.857142857142854,17:00–18:00,7283.078597787464
Kigoma (1),Southern Province,45604.77715953,0.0,0.0,,28274.9618389086,0.0,30.0,18:00–19:00,7464.589925471869
Jenda,Western Province,44906.2755953212,0.0,0.0,,27841.890869099145,0.0,30.0,18:00–19:00,7350.259189442174
Byimana,Southern Province,44877.28257016041,0.0,0.0,,27823.91519349945,0.0,30.0,18:00–19:00,7345.513611083854
Musambira,Southern Province,44359.66307414026,0.0,0.0,,27502.99110596696,0.0,50.0,17:00–18:00,7013.262732021575
Mukura (2),Western Province,43725.33978230784,1.0,1.0,43.102,27109.71066503086,0.022870033828865072,5.0,18:00–19:00,7970.254935519072
Rukoma,Southern Province,43722.699258120614,0.0,0.0,,27108.07354003478,0.0,5.0,18:00–19:00,7969.773620770225
Rwempasha,Eastern Province,43689.6166306689,0.0,0.0,,27087.562311014717,0.0,28.57142857142857,18:00–19:00,7197.552271212482
Butaro,Northern Province,43202.5002405428,0.0,0.0,,26785.550149136536,0.0,75.0,11:00–12:00,7232.098540266864
Gacurabwenge,Southern Province,43135.16469531649,1.0,1.0,8.483,26743.80211109622,0.02318294150638951,5.0,18:00–19:00,7862.6778206622885
Rubengera,Western Province,43116.618173599316,5.0,7.0,95.77389146588015,26732.303267631574,0.11596456799716133,33.33333333333333,17:00–18:00,6950.398849584209
Gatsibo,Eastern Province,43075.42192803106,5.0,11.0,32.999819363534726,26706.761595379256,0.11607547358105579,25.0,18:00–19:00,7210.825630752399
Mururu,Western Province,42873.32289916046,7.0,12.0,14.237391485128134,26581.460197479486,0.16327169266688848,40.74074074074074,17:00–18:00,6852.109739794712
Nyamugari,Eastern Province,42782.81108556124,0.0,0.0,,26525.342873047968,0.0,5.0,18:00–19:00,7798.450804676102
Juru,Eastern Province,42539.81421132397,0.0,0.0,,26374.68481102086,0.0,5.0,18:00–19:00,7754.157334440132
Gishali,Eastern Province,42394.54359636776,20.0,119.0,16.883640419761868,26284.61702974801,0.4717588232678495,44.537815126050425,17:00–18:00,6745.648773852977
Nyamirama,Eastern Province,42362.55054018028,3.0,8.0,68.29682316366976,26264.781334911775,0.07081726576294178,23.076923076923077,18:00–19:00,7152.101994275975
Ngororero,Western Province,42321.18193696176,3.0,21.0,16.14200218320476,26239.13280091629,0.07088648905100428,5.0,18:00–19:00,7714.305043469389
Gihundwe,Western Province,42269.19503823598,22.0,25.0,6.6003727196567334,26206.900923706307,0.5204735973821877,62.7906976744186,11:00–12:00,6691.901677727797
Kanama,Western Province,42197.37104210456,2.0,4.0,19.334,26162.37004610483,0.04739631760481948,5.0,18:00–19:00,7691.736793554819
Ntongwe,Southern Province,42056.6810219125,0.0,0.0,,26075.142233585746,0.0,30.0,18:00–19:00,6883.837549666636
Bwishyura,Western Province,42014.42551385163,3.0,8.0,48.42540344542034,26048.94381858801,0.07140404666513737,13.043478260869565,18:00–19:00,7406.960546676763
Murambi (3),Eastern Province,41885.22260682282,0.0,0.0,,25968.838016230147,0.0,5.0,18:00–19:00,7634.838376771663
Mbazi (1),Southern Province,41821.42276522657,1.0,1.0,83.974,25929.282114440473,0.023911190339307973,5.0,18:00–19:00,7623.208941645498
Ngarama,Eastern Province,41692.742376282215,5.0,19.0,3.7330308440564197,25849.500273294972,0.11992494892454841,35.714285714285715,17:00–18:00,6702.406142290053
Kabare,Eastern Province,41650.41593974141,4.0,5.0,67.72457652427315,25823.257882639675,0.0960374562834398,5.0,18:00–19:00,7592.037817496063
Rwinkwavu,Eastern Province,41531.145689801975,6.0,22.0,45.303948827154734,25749.310327677224,0.14446988881102088,5.0,18:00–19:00,7570.297236337103
Remera (1),City of Kigali,41501.93207236843,60.0,174.0,47.36062581929087,25731.197884868427,1.4457158258409708,93.3025404157044,11:00–12:00,7512.5589759932245
Musheri,Eastern Province,41342.96273372707,1.0,1.0,8.271,25632.636894910785,0.024187913344299646,66.66666666666666,11:00–12:00,6664.485592676803
Busoro,Southern Province,41148.30730168547,0.0,0.0,,25511.95052704499,0.0,30.0,18:00–19:00,6735.154939139877
Kiramuruzi,Eastern Province,41090.02818700211,7.0,37.0,31.108269787707957,25475.81747594131,0.17035763441540516,5.0,18:00–19:00,7489.890337926744
Kanjongo,Western Province,41031.456676987546,2.0,9.0,9.093003307000767,25439.50313973228,0.0487430903500362,27.27272727272727,18:00–19:00,6799.285384619354
Kabarondo,Eastern Province,41024.50149895874,14.0,32.0,40.408111435674876,25435.19092935442,0.3412594788106161,40.0,17:00–18:00,6562.279259773441
Nyakaliro,Eastern Province,40858.76708955056,4.0,31.0,13.967589017257836,25332.435595521347,0.09789820606268322,56.75675675675676,17:00–18:00,6408.421545245401
Kagano,Western Province,40572.58670518245,2.0,2.0,5.836,25155.003757213122,0.049294367513041365,54.545454545454554,17:00–18:00,6380.2236802386005
Mugombwa,Southern Province,40545.47028167349,0.0,0.0,,25138.191574637567,0.0,5.0,18:00–19:00,7390.628322943445
Rwankuba,Western Province,40543.141710841766,0.0,0.0,,25136.747860721895,0.0,30.0,18:00–19:00,6636.101435230578
Kigarama (2),Eastern Province,40407.80450779371,3.0,16.0,75.93311654080055,25052.838794832103,0.07424308339794533,5.0,18:00–19:00,7365.5346056806375
Mwiri,Eastern Province,40342.72254908172,1.0,1.0,24.848,25012.487980430666,0.024787618108405574,5.0,18:00–19:00,7353.671466246615
Kinigi,Northern Province,40339.84602632796,6.0,9.0,41.11553344816824,25010.704536323337,0.14873631386902358,82.6923076923077,11:00–12:00,6983.758266681055
Kabaya,Western Province,40159.78901974389,0.0,0.0,,24899.06919224121,0.0,30.0,18:00–19:00,6573.354266751679
Cyeza,Southern Province,40063.61357630646,2.0,3.0,8.967,24839.440417310005,0.04992060928779515,32.0,18:00–19:00,6497.997613168296
Rukara,Eastern Province,39707.179842302874,0.0,0.0,,24618.45150222778,0.0,5.0,18:00–19:00,7237.8247416549675
Ngeruka,Eastern Province,39455.355976420615,5.0,16.0,12.47229150338059,24462.320705380782,0.12672550725402426,5.0,18:00–19:00,7191.922287381949
Gahengeri,Eastern Province,39363.19050405474,13.0,110.0,32.54540120548996,24405.17811251394,0.3302577822969124,5.0,18:00–19:00,7175.122365079097
Mwulire,Eastern Province,38986.2679771625,6.0,13.0,22.584170710629344,24171.486145840747,0.15390034264153468,5.0,18:00–19:00,7106.416926877179
Muganza (1),Southern Province,38710.02268787501,0.0,0.0,,24000.214066482506,0.0,30.0,18:00–19:00,6336.05651355138
Kigina,Eastern Province,38356.07081831976,5.0,28.0,42.30334894820331,23780.76390735825,0.13035746084846322,95.0,11:00–12:00,6991.544588763326
Gatsata,City of Kigali,38082.270579934186,6.0,22.0,19.21759861908455,23611.007759559194,0.15755363082687202,61.1764705882353,11:00–12:00,5983.307142834177
Kamembe,Western Province,38051.338247175554,18.0,31.0,20.291713155157666,23591.829713248844,0.4730451234875055,57.14285714285714,17:00–18:00,5965.362656064351
Rurenge,Eastern Province,38034.339465594756,10.0,23.0,39.11675228092071,23581.290468668747,0.2629203015092674,70.0,11:00–12:00,6225.460683728549
Ntyazo,Southern Province,37944.91061090738,0.0,0.0,,23525.84457876257,0.0,30.0,18:00–19:00,6210.822968793318
Gatunda,Eastern Province,37893.86095040395,0.0,0.0,,23494.193789250447,0.0,5.0,18:00–19:00,6907.292974039631
Tumba (1),Southern Province,37861.25547859982,4.0,15.0,12.204818123813714,23473.97839673189,0.10564890016024178,37.931034482758626,17:00–18:00,6070.85648191342
Bigogwe,Western Province,37424.52435323518,5.0,5.0,1.6439358821107346,23203.205099005812,0.13360223239731764,5.0,18:00–19:00,6821.742299107708
Mimuri,Eastern Province,37288.009530673924,0.0,0.0,,23118.565909017834,0.0,5.0,18:00–19:00,6796.858377251243
Karama (3),Eastern Province,37264.40766113785,0.0,0.0,,23103.932749905467,0.0,5.0,18:00–19:00,6792.556228472207
Nyabirasi,Western Province,37233.40046776858,0.0,0.0,,23084.70829001652,0.0,30.0,18:00–19:00,6094.36298856436
Kivumu,Western Province,37007.35439711223,0.0,0.0,,22944.55972620958,0.0,30.0,18:00–19:00,6057.363767719328
Muhura,Eastern Province,36970.49320747629,4.0,14.0,16.83091261131697,22921.7057886353,0.10819439106620052,5.0,18:00–19:00,6738.981501858778
Rugabano,Western Province,36925.90782928179,0.0,0.0,,22894.06285415471,0.0,5.0,18:00–19:00,6730.8544791214845
Bugeshi,Western Province,36700.305314411766,3.0,3.0,13.825328466687404,22754.189294935295,0.08174318917237826,66.66666666666666,11:00–12:00,5916.089216683176
Kinazi (1),Southern Province,36690.360973563154,0.0,0.0,,22748.023803609154,0.0,5.0,18:00–19:00,6687.9189982610915
Gishubi,Southern Province,36588.954949568026,0.0,0.0,,22685.152068732175,0.0,30.0,18:00–19:00,5988.880146145293
Kavumu,Western Province,36464.69633524395,0.0,0.0,,22608.111727851247,0.0,30.0,18:00–19:00,5968.5414961527285
Nyakabuye,Western Province,36224.64566594569,0.0,0.0,,22459.280312886327,0.0,5.0,18:00–19:00,6603.02841198858
Ngoma (2),Southern Province,36174.36705358075,7.0,12.0,40.60686239616108,22428.107573220062,0.1935071867223479,71.38157894736842,11:00–12:00,5958.203840833066
Bweramana,Southern Province,35804.61377427229,1.0,1.0,11.321,22198.860540048823,0.02792936145895696,5.0,18:00–19:00,6526.464998774354
Nasho,Eastern Province,35800.8003602884,11.0,69.0,35.22304659812593,22196.496223378806,0.3072557006910275,63.63636363636363,11:00–12:00,5690.374486357112
Sovu,Western Province,35710.63513746549,0.0,0.0,,22140.593785228604,0.0,30.0,18:00–19:00,5845.11675930035
Kazo,Eastern Province,35648.77429205415,8.0,33.0,50.5220404013089,22102.24006107357,0.22441164272464598,50.0,17:00–18:00,5636.071215573761
Mushikiri,Eastern Province,35321.47488745546,0.0,0.0,,21899.314430222385,0.0,30.0,18:00–19:00,5781.419009578709
Mugesera,Eastern Province,35263.59470942011,3.0,13.0,19.405652866569014,21863.428719840467,0.08507357303532635,50.0,17:00–18:00,5575.174323559319
Mukindo,Southern Province,35238.03759218464,1.0,4.0,11.954,21847.583307154477,0.028378424802571512,5.0,18:00–19:00,6423.189492303416
Remera (4),Eastern Province,35206.24688265083,10.0,25.0,34.32854385221506,21827.873067243512,0.284040500918258,36.84210526315789,17:00–18:00,5652.270288991478
Nyange (2),Northern Province,35060.318986188555,3.0,12.0,25.60457799061676,21737.397771436903,0.08556681989065192,37.5,17:00–18:00,5624.551673359299
Sake,Eastern Province,35013.21001437596,3.0,34.0,36.60560481412287,21708.190208913096,0.08568194686429036,5.0,18:00–19:00,6382.20792142045
Bushekeri,Western Province,34950.563857504276,1.0,1.0,28.692,21669.34959165265,0.02861184168807877,33.33333333333333,17:00–18:00,5634.030893829689
Fumbwe,Eastern Province,34887.04568160893,14.0,63.0,37.584559073163355,21629.968322597535,0.4012950860834928,5.0,18:00–19:00,6359.210686843675
Muhanda,Western Province,34686.849920102104,0.0,0.0,,21505.846950463303,0.0,30.0,18:00–19:00,5677.543594922311
Ndora,Southern Province,34495.68820325245,0.0,0.0,,21387.32668601652,0.0,66.66666666666666,11:00–12:00,5560.704938364294
Rukira,Eastern Province,34491.31248665528,3.0,10.0,15.58520396703733,21384.613741726276,0.08697842394836967,5.0,18:00–19:00,6287.076440067525
Gacaca,Northern Province,34299.21550755382,2.0,2.0,1.879609810933175,21265.51361468337,0.05831037154653097,5.0,18:00–19:00,6252.0610027169105
Zaza,Eastern Province,34145.69842067105,8.0,44.0,54.74820376331716,21170.333020816048,0.2342901264294239,25.0,18:00–19:00,5715.989915620333
Nzahaha,Western Province,34139.262527023064,0.0,0.0,,21166.3427667543,0.0,5.0,18:00–19:00,6222.904773425764
Mukamira,Western Province,34033.877388089924,2.0,18.0,26.221176780533487,21101.003980615755,0.05876497635558549,5.0,18:00–19:00,6203.695170301032
Mudende,Western Province,34013.00878860474,1.0,1.0,9.292,21088.06544893494,0.029400515732528387,5.0,18:00–19:00,6199.891241986872
Macuba,Western Province,34004.18494513552,0.0,0.0,,21082.594665984023,0.0,5.0,18:00–19:00,6198.282831799303
Rubona,Eastern Province,33737.99991865204,0.0,0.0,,20917.559949564267,0.0,5.0,18:00–19:00,6149.762625171894
Mwogo,Eastern Province,33595.798363764414,10.0,64.0,11.599056472564467,20829.394985533938,0.2976562691478036,46.15384615384615,17:00–18:00,5335.529638602155
Kibirizi (1),Southern Province,33393.839429386644,0.0,0.0,,20704.180446219718,0.0,5.0,18:00–19:00,6087.029051188596
Kibungo,Eastern Province,33333.26029587939,14.0,68.0,20.811834949311887,20666.62138344522,0.42000092027393615,30.18867924528302,18:00–19:00,5451.308810199324
Ruhango (2),Western Province,33329.516823900834,0.0,0.0,,20664.300430818515,0.0,5.0,18:00–19:00,6075.304326660643
Musaza,Eastern Province,33281.35719062492,7.0,52.0,25.10168586861351,20634.44145818745,0.21032796108362556,28.57142857142857,18:00–19:00,5482.865873175522
Kacyiru,City of Kigali,33128.29908134242,32.0,86.0,38.58273869162763,20539.5454304323,0.96594153299051,85.32494758909853,11:00–12:00,5800.1609423044665
Rambura,Western Province,33128.248432609565,1.0,9.0,27.887,20539.51402821793,0.03018571905587549,5.0,18:00–19:00,6038.617124296072
Ruhuha,Eastern Province,33083.73932435675,11.0,40.0,70.41569516976429,20511.918381101186,0.3324896225349483,5.0,18:00–19:00,6030.504004043749
Gatore,Eastern Province,33082.086346372205,6.0,46.0,29.998745000806373,20510.89353475077,0.18136703765232637,18.181818181818183,18:00–19:00,5705.757656030668
Remera (3),Eastern Province,33002.77839865908,0.0,0.0,,20461.72260716863,0.0,5.0,18:00–19:00,6015.746446507577
Mushubati,Western Province,32977.898662334985,1.0,1.0,25.039,20446.29717064769,0.030323338980422335,5.0,18:00–19:00,6011.21136817042
Mareba,Eastern Province,32825.585309066395,6.0,24.0,20.27858910985581,20351.862891621164,0.18278425025806946,73.33333333333333,11:00–12:00,5454.2992549544715
Jarama,Eastern Province,32824.22052609342,7.0,47.0,43.09592588569427,20351.01672617792,0.21325715851913044,25.0,18:00–19:00,5494.774516068039
Karengera,Western Province,32815.593786838006,0.0,0.0,,20345.668147839562,0.0,5.0,18:00–19:00,5981.626435464831
Musha (1),Southern Province,32781.17069609814,0.0,0.0,,20324.325831580845,0.0,30.0,18:00–19:00,5365.622019537343
Muhanga,Southern Province,32449.037024945243,0.0,0.0,,20118.402955466052,0.0,44.44444444444444,17:00–18:00,5163.723425236287
Niboye,City of Kigali,32367.67793958494,24.0,49.0,38.17217396832331,20067.96032254266,0.7414804375153691,89.97493734335839,11:00–12:00,5778.969025213413
Nyagihanga,Eastern Province,32263.938358650557,0.0,0.0,,20003.641782363346,0.0,30.0,18:00–19:00,5280.961430543923
Nyakabanda,City of Kigali,32247.348592988154,5.0,19.0,41.36966591559238,19993.356127652656,0.15505150712102878,85.18518518518519,11:00–12:00,5642.569396026417
Nyarubaka,Southern Province,32241.72585403389,0.0,0.0,,19989.870029501013,0.0,5.0,18:00–19:00,5877.021788673298
Twumba,Western Province,32228.466701847392,0.0,0.0,,19981.649355145382,0.0,30.0,18:00–19:00,5275.155429758381
Gitesi,Western Province,31935.25338251829,0.0,0.0,,19799.85709716134,0.0,30.0,18:00–19:00,5227.162273650593
Karambi,Western Province,31895.528191747366,0.0,0.0,,19775.227478883367,0.0,5.0,18:00–19:00,5813.91687879171
Kanyinya,City of Kigali,31892.328322160727,2.0,2.0,40.83097036916298,19773.24355973965,0.06271100622685734,34.48275862068966,17:00–18:00,5134.224965684123
Kirehe,Eastern Province,31764.6853945172,4.0,20.0,53.95656198810214,19694.104944600665,0.12592600714661656,33.33333333333333,17:00–18:00,5120.467285596173
Kagarama,City of Kigali,31589.693915935677,15.0,40.0,43.351640014790846,19585.61022788012,0.47483840900506885,66.06334841628959,11:00–12:00,5078.079031934528
Gataraga,Northern Province,31574.465694238803,0.0,0.0,,19576.168730428057,0.0,5.0,18:00–19:00,5755.393606745848
Cyato,Western Province,31547.769321415653,0.0,0.0,,19559.616979277704,0.0,30.0,18:00–19:00,5163.738882529314
Gahunga,Northern Province,31293.148072948796,0.0,0.0,,19401.751805228254,0.0,5.0,18:00–19:00,5704.115030737106
Gikonko,Southern Province,31269.324628063023,0.0,0.0,,19386.981269399075,0.0,30.0,18:00–19:00,5118.163055121356
Shangi,Western Province,31191.926426164166,0.0,0.0,,19338.994384221784,0.0,30.0,18:00–19:00,5105.49451743455
Busanze,Southern Province,30993.509707814366,0.0,0.0,,19215.976018844907,0.0,30.0,18:00–19:00,5073.017668975055
Ruharambuga,Western Province,30931.6741238102,0.0,0.0,,19177.637956762323,0.0,95.0,11:00–12:00,5638.225559288123
Muko (1),Northern Province,30905.540034578702,5.0,108.0,34.16400586931709,19161.434821438794,0.1617832917465847,66.66666666666666,11:00–12:00,4981.973053574086
Rugera,Western Province,30802.629796379413,1.0,5.0,12.984,19097.630473755235,0.03246476052890593,5.0,18:00–19:00,5614.703359284039
Save,Southern Province,30757.07166414796,0.0,0.0,,19069.384431771734,0.0,5.0,18:00–19:00,5606.399022940889
Karenge,Eastern Province,30659.394439050622,8.0,38.0,13.98916449377776,19008.824552211387,0.2609314419403687,40.0,17:00–18:00,4904.276734470538
Kitabi,Southern Province,30614.389636565826,0.0,0.0,,18980.92157467081,0.0,30.0,18:00–19:00,5010.963295713093
Rongi,Southern Province,30573.21070681054,1.0,1.0,44.135,18955.390638222536,0.03270837366705612,57.14285714285714,17:00–18:00,4793.005918521983
Rukomo (1),Northern Province,30558.0040674798,3.0,5.0,14.053768425949428,18945.962521837475,0.09817395119704943,5.0,18:00–19:00,5570.112981420217
Kabacuzi,Southern Province,30542.456831964802,0.0,0.0,,18936.323235818178,0.0,50.0,17:00–18:00,4828.762425133636
Masoro,Northern Province,30532.627957962595,0.0,0.0,,18930.229333936808,0.0,5.0,18:00–19:00,5565.487424177421
Rutare,Northern Province,30488.248954940915,0.0,0.0,,18902.714352063365,0.0,66.66666666666666,11:00–12:00,4914.705731536475
Gitambi,Western Province,30115.675805882118,0.0,0.0,,18671.718999646913,0.0,5.0,18:00–19:00,5489.485385896192
Rusatira,Southern Province,30084.633713827054,0.0,0.0,,18652.472902572772,0.0,30.0,18:00–19:00,4924.252846279212
Mutete,Northern Province,29987.34026630441,0.0,0.0,,18592.150965108736,0.0,5.0,18:00–19:00,5466.092383741969
Muganza (3),Western Province,29957.063269208273,0.0,0.0,,18573.37922690913,0.0,5.0,18:00–19:00,5460.5734927112835
Boneza,Western Province,29868.925650083143,0.0,0.0,,18518.73390305155,0.0,5.0,18:00–19:00,5444.507767497155
Nyarusange,Southern Province,29809.377583682424,0.0,0.0,,18481.814101883105,0.0,66.66666666666666,11:00–12:00,4805.271666489607
Murama (2),Eastern Province,29699.344760980784,1.0,10.0,8.066,18413.593751808086,0.03367077651200599,5.0,18:00–19:00,5413.596563031577
Matyazo,Western Province,29608.733619769293,0.0,0.0,,18357.41484425696,0.0,30.0,18:00–19:00,4846.357518883837
Gihombo,Western Province,29522.487213572364,1.0,1.0,3.634,18303.942072414866,0.03387248482032606,5.0,18:00–19:00,5381.35896928997
Murambi (2),Northern Province,29459.48790583943,0.0,0.0,,18264.882501620446,0.0,5.0,18:00–19:00,5369.875455476411
Gikondo,City of Kigali,29416.36737384461,8.0,18.0,10.99384705358889,18238.147771783657,0.271957441186744,94.61883408071749,11:00–12:00,5353.673332470665
Murundi (1),Western Province,29387.410937473516,0.0,0.0,,18220.19478123358,0.0,30.0,18:00–19:00,4810.131422245664
Hindiro,Western Province,29320.197960140988,1.0,6.0,23.499,18178.522735287414,0.03410618173040437,5.0,18:00–19:00,5344.4856841744995
Ruheru,Southern Province,29308.49284436339,1.0,4.0,6.234,18171.2655635053,0.03411980292914721,66.66666666666666,11:00–12:00,4724.529046511378
Rusenge,Southern Province,29293.325768426297,0.0,0.0,,18161.861976424305,0.0,30.0,18:00–19:00,4794.731561776016
Rusebeya,Western Province,29233.238732238184,0.0,0.0,,18124.608013987672,0.0,5.0,18:00–19:00,5328.634756112376
Gihango,Western Province,29198.74485788417,0.0,0.0,,18103.221811888183,0.0,5.0,18:00–19:00,5322.347212695126
Kibeho,Southern Province,29124.73717146056,2.0,2.0,8.293218289714938,18057.337046305547,0.0686701475871105,5.0,18:00–19:00,5308.857091613831
Buruhukiro,Southern Province,29097.3255453513,1.0,1.0,24.703,18040.341838117805,0.03436741972870987,5.0,18:00–19:00,5303.860500406635
Matimba,Eastern Province,29029.323316905957,0.0,0.0,,17998.180456481692,0.0,95.0,11:00–12:00,5291.465054205618
Musha (2),Eastern Province,29022.13813260737,3.0,5.0,7.078589834561843,17993.72564221657,0.10336936535456002,5.0,18:00–19:00,5290.155338811671
Butare,Western Province,28961.391858371353,1.0,1.0,92.633,17956.062952190237,0.034528727241089,5.0,18:00–19:00,5279.08250794393
Gashonga,Western Province,28947.255927056096,1.0,1.0,13.894,17947.29867477478,0.03454558879501014,5.0,18:00–19:00,5276.505810383785
Nyabitekeri,Western Province,28914.82191418587,0.0,0.0,,17927.18958679524,0.0,5.0,18:00–19:00,5270.5937385178
Maraba,Southern Province,28874.138234984923,0.0,0.0,,17901.96570569065,0.0,5.0,18:00–19:00,5263.177917473052
Mwendo,Southern Province,28854.109227501824,1.0,1.0,25.304,17889.54772105113,0.034657108702107024,5.0,18:00–19:00,5259.527029989033
Mutuntu,Western Province,28751.838144290017,0.0,0.0,,17826.139649459812,0.0,30.0,18:00–19:00,4706.1008674573895
Rugarama (1),Northern Province,28706.254484393776,2.0,2.0,1.5220252726488837,17797.87778032414,0.06967122795791088,5.0,18:00–19:00,5232.576067415297
Huye,Southern Province,28696.753113664075,0.0,0.0,,17791.986930471725,0.0,30.0,18:00–19:00,4697.0845496445345
Nyagisozi (1),Southern Province,28683.970343722183,0.0,0.0,,17784.061613107755,0.0,5.0,18:00–19:00,5228.5141142536795
Nyankenke,Northern Province,28569.030131875104,0.0,0.0,,17712.798681762564,0.0,30.0,18:00–19:00,4676.178851985316
Kigoma (2),Southern Province,28568.041232534568,0.0,0.0,,17712.185564171432,0.0,30.0,18:00–19:00,4676.016988941257
Uwinkingi,Southern Province,28506.919322933183,0.0,0.0,,17674.289980218575,0.0,30.0,18:00–19:00,4666.0125547777025
Kagogo,Northern Province,28420.52014252544,0.0,0.0,,17620.722488365773,0.0,5.0,18:00–19:00,5180.4924115795375
Mukura (1),Southern Province,28392.42026436652,0.0,0.0,,17603.300563907243,0.0,30.0,18:00–19:00,4647.271348871512
Karago,Western Province,28253.746401216336,1.0,1.0,19.747,17517.32276875413,0.0353935363402621,5.0,18:00–19:00,5150.092894013714
Busogo,Northern Province,28124.44612774905,4.0,5.0,65.83088882820611,17437.156599204412,0.1422250230931087,50.0,17:00–18:00,4446.474932797126
Kabagali,Southern Province,28113.285630913706,0.0,0.0,,17430.2370911665,0.0,30.0,18:00–19:00,4601.5825920679545
Kinihira (1),Southern Province,28111.745305962268,0.0,0.0,,17429.282089696604,0.0,30.0,18:00–19:00,4601.330471679903
Nyarugenge (2),Eastern Province,28110.917709322795,3.0,9.0,60.17646372011908,17428.768979780132,0.10672010181314964,5.0,18:00–19:00,5124.058080055358
Mushonyi,Western Province,28042.66754358,0.0,0.0,,17386.453877019598,0.0,5.0,18:00–19:00,5111.6174398437615
Gatumba,Western Province,27990.806870465618,0.0,0.0,,17354.300259688684,0.0,30.0,18:00–19:00,4581.535268557812
Ndego,Eastern Province,27951.67706277949,0.0,0.0,,17330.039778923285,0.0,5.0,18:00–19:00,5095.031695003445
Muringa,Western Province,27785.96975239442,0.0,0.0,,17227.30124648454,0.0,30.0,18:00–19:00,4548.007529071918
Ndaro,Western Province,27766.10449975998,0.0,0.0,,17214.984789851187,0.0,30.0,18:00–19:00,4544.755984520712
Kageyo (3),Eastern Province,27673.16813321932,0.0,0.0,,17157.364242595977,0.0,5.0,18:00–19:00,5044.265087323217
Musasa,Western Province,27542.45567499124,0.0,0.0,,17076.32251849457,0.0,5.0,18:00–19:00,5020.438820437403
Nyarugenge (1),City of Kigali,27534.52168950392,48.0,113.0,36.933243252728836,17071.40344749243,1.743266163882464,95.0,11:00–12:00,5018.992613562775
Nyange (1),Western Province,27178.9848394315,1.0,1.0,45.067,16850.97060044753,0.036793132852747004,5.0,18:00–19:00,4954.185356531573
Mukama,Eastern Province,27147.89563282879,0.0,0.0,,16831.69529235385,0.0,5.0,18:00–19:00,4948.518415952031
Ruhashya,Southern Province,27022.47898589913,0.0,0.0,,16753.936971257463,0.0,5.0,18:00–19:00,4925.657469549694
Kageyo (1),Western Province,27006.210985217138,0.0,0.0,,16743.850810834625,0.0,30.0,18:00–19:00,4420.37661406034
Gakenke,Northern Province,26993.699541120426,1.0,1.0,8.122,16736.093715494662,0.037045681659035504,5.0,18:00–19:00,4920.411552355431
Murama (1),Eastern Province,26923.331151457896,4.0,4.0,19.132839615901382,16692.465313903896,0.14857002565907973,5.0,18:00–19:00,4907.584802287745
Ngera,Southern Province,26895.444102815487,0.0,0.0,,16675.175343745603,0.0,30.0,18:00–19:00,4402.246290748838
Ntarabana,Northern Province,26796.398452026424,1.0,4.0,13.591,16613.76704025638,0.037318447917181835,5.0,18:00–19:00,4884.447509835376
Rugengabari,Northern Province,26733.67134499787,0.0,0.0,,16574.876233898678,0.0,5.0,18:00–19:00,4873.013612766211
Shingiro,Northern Province,26726.889266184124,0.0,0.0,,16570.671345034156,0.0,30.0,18:00–19:00,4374.6572350890165
Kirimbi,Western Province,26633.39276974821,0.0,0.0,,16512.703517243892,0.0,30.0,18:00–19:00,4359.353728552386
Kigeyo,Western Province,26579.1795164222,0.0,0.0,,16479.091300181764,0.0,30.0,18:00–19:00,4350.4801032479845
Rurembo,Western Province,26496.90167416802,0.0,0.0,,16428.07903798417,0.0,30.0,18:00–19:00,4337.012866027821
Cyanika (1),Southern Province,26426.025404828953,2.0,3.0,45.776549090086334,16384.13575099395,0.07568296667248835,5.0,18:00–19:00,4816.935910792222
Cyahinda,Southern Province,26240.298752675728,0.0,0.0,,16268.985226658951,0.0,30.0,18:00–19:00,4295.0120998379625
Ngoma (1),Southern Province,26153.177452635555,0.0,0.0,,16214.970020634044,0.0,30.0,18:00–19:00,4280.752085447387
Kayenzi,Southern Province,26152.17975778537,0.0,0.0,,16214.351449826929,0.0,5.0,18:00–19:00,4767.019326249117
Simbi,Southern Province,26021.847088193073,0.0,0.0,,16133.545194679706,0.0,5.0,18:00–19:00,4743.262287235833
Mutenderi,Eastern Province,25785.961348644792,2.0,6.0,17.409819757876875,15987.29603615977,0.07756158372218734,5.0,18:00–19:00,4700.265034630972
Gishyita,Western Province,25774.64207867548,0.0,0.0,,15980.278088778798,0.0,5.0,18:00–19:00,4698.201758100966
Buyoga,Northern Province,25748.357317810074,0.0,0.0,,15963.981537042246,0.0,30.0,18:00–19:00,4214.491125779153
Ruvune,Northern Province,25725.002683039085,0.0,0.0,,15949.501663484232,0.0,5.0,18:00–19:00,4689.153489064364
Kibirizi (2),Southern Province,25722.85562550834,0.0,0.0,,15948.17048781517,0.0,5.0,18:00–19:00,4688.7621234176595
Kinyababa,Northern Province,25705.704327011885,0.0,0.0,,15937.536682747368,0.0,50.0,17:00–18:00,4064.0718541005795
Kamabuye,Eastern Province,25620.197671801747,1.0,2.0,3.835,15884.522556517082,0.039031705094946474,50.0,17:00–18:00,4050.5532519118565
Kisaro,Northern Province,25432.90559864993,0.0,0.0,,15768.401471162957,0.0,30.0,18:00–19:00,4162.857988387021
Rwaza,Northern Province,25389.981624107848,0.0,0.0,,15741.788606946866,0.0,30.0,18:00–19:00,4155.832192233972
Bushoki,Northern Province,25271.139132219618,1.0,1.0,23.997,15668.106261976163,0.03957083195846296,5.0,18:00–19:00,4606.423241020992
Kiyumba,Southern Province,25216.80094709026,0.0,0.0,,15634.416587195961,0.0,57.14285714285714,17:00–18:00,3953.273908476693
Murunda,Western Province,25080.644607909937,0.0,0.0,,15549.999656904161,0.0,5.0,18:00–19:00,4571.699899129823
Rutunga,City of Kigali,25038.8584341689,0.0,0.0,,15524.092229184716,0.0,5.0,18:00–19:00,4564.0831153803065
Tare,Southern Province,24923.101665463604,0.0,0.0,,15452.323032587434,0.0,5.0,18:00–19:00,4542.982971580705
Muhima,City of Kigali,24915.082517102062,34.0,80.0,44.88056831523346,15447.351160603279,1.3646352556393069,94.33962264150944,11:00–12:00,4529.279944071225
Manyagiro,Northern Province,24787.205921251465,0.0,0.0,,15368.067671175908,0.0,30.0,18:00–19:00,4057.169865190439
Kaduha,Southern Province,24783.229226854266,1.0,2.0,83.239,15365.602120649644,0.04034986687354019,33.33333333333333,17:00–18:00,3995.0565513689075
Kamubuga,Northern Province,24772.10072764661,0.0,0.0,,15358.7024511409,0.0,30.0,18:00–19:00,4054.6974471011968
Shyira,Western Province,24734.25758462945,1.0,1.0,4.133,15335.239702470259,0.040429756040926315,5.0,18:00–19:00,4508.5604725262565
Ruli,Northern Province,24699.52466564261,0.0,0.0,,15313.705292698418,0.0,30.0,18:00–19:00,4042.818197272382
Rwaniro,Southern Province,24673.72650535951,0.0,0.0,,15297.710433322896,0.0,30.0,18:00–19:00,4038.595554397244
Nyarubuye,Eastern Province,24613.680741268457,1.0,2.0,43.18,15260.482059586444,0.04062781225253129,5.0,18:00–19:00,4486.581725518415
Rwimbogo (1),Western Province,24601.34475829469,1.0,1.0,9.074,15252.833750142709,0.0406481844722263,5.0,18:00–19:00,4484.333122541956
Kanzenze,Western Province,24549.075161639154,0.0,0.0,,15220.426600216275,0.0,5.0,18:00–19:00,4474.805420463585
Mubuga,Western Province,24519.21826167167,0.0,0.0,,15201.915322236437,0.0,5.0,18:00–19:00,4469.363104737512
Muhororo,Western Province,24515.980177002693,0.0,0.0,,15199.90770974167,0.0,30.0,18:00–19:00,4012.7756353718005
Cyabakamyi,Southern Province,24342.47276950891,1.0,1.0,43.753,15092.333117095524,0.041080460866432106,5.0,18:00–19:00,4437.145936426084
Rwabicuma,Southern Province,24284.648399457572,1.0,3.0,53.063,15056.482007663695,0.04117827787954864,5.0,18:00–19:00,4426.605710253127
Kansi,Southern Province,24188.68908740862,0.0,0.0,,14996.987234193344,0.0,30.0,18:00–19:00,3959.2046298270425
Kimonyi,Northern Province,24153.710264023095,1.0,2.0,10.664,14975.30036369432,0.04140150681071546,5.0,18:00–19:00,4402.7383069261305
Rusarabuye,Northern Province,24120.445115947263,1.0,9.0,36.968,14954.675971887304,0.04145860473108967,50.0,17:00–18:00,3813.4423728312627
Muzo,Northern Province,24115.22104059311,0.0,0.0,,14951.43704516773,0.0,5.0,18:00–19:00,4395.722491279312
Bushenge,Western Province,24037.129249399637,0.0,0.0,,14903.020134627775,0.0,30.0,18:00–19:00,3934.397315541732
Muhondo,Northern Province,23927.905740897317,0.0,0.0,,14835.301559356336,0.0,5.0,18:00–19:00,4361.578658450763
Gashenyi,Northern Province,23904.126643301173,0.0,0.0,,14820.558518846727,0.0,5.0,18:00–19:00,4357.244204540937
Gashari,Western Province,23880.500142115423,0.0,0.0,,14805.910088111563,0.0,5.0,18:00–19:00,4352.937565904799
Nemba (2),Northern Province,23785.309724422837,0.0,0.0,,14746.89202914216,0.0,5.0,18:00–19:00,4335.586256567795
Murambi (1),Western Province,23627.319308030397,0.0,0.0,,14648.937970978846,0.0,5.0,18:00–19:00,4306.787763467781
Munyiginya,Eastern Province,23514.668401895655,1.0,1.0,88.914,14579.094409175306,0.04252664689583223,5.0,18:00–19:00,4286.253756297539
Rwerere,Northern Province,23490.537790201095,0.0,0.0,,14564.13342992468,0.0,30.0,18:00–19:00,3844.931225500114
Kabatwa,Western Province,23430.121072879574,0.0,0.0,,14526.675065185336,0.0,30.0,18:00–19:00,3835.0422172089284
Giheke,Western Province,23185.354167305093,7.0,8.0,12.789632781466121,14374.919583729157,0.3019147324422188,66.66666666666666,11:00–12:00,3737.4790917695805
Nkungu,Western Province,23184.450679709953,0.0,0.0,,14374.359421420171,0.0,30.0,18:00–19:00,3794.8308872549246
Kigembe,Southern Province,23024.924913306986,0.0,0.0,,14275.45344625033,0.0,30.0,18:00–19:00,3768.719709810087
Karama (2),Southern Province,22981.726789332828,0.0,0.0,,14248.670609386354,0.0,40.0,17:00–18:00,3676.15701722168
Gatebe,Northern Province,22948.441738705616,0.0,0.0,,14228.033877997483,0.0,30.0,18:00–19:00,3756.2009437913352
Jomba,Western Province,22846.094824495165,1.0,1.0,15.603,14164.578791187003,0.04377115685118396,5.0,18:00–19:00,4164.386164608978
Gasange,Eastern Province,22815.972780475873,0.0,0.0,,14145.903123895041,0.0,30.0,18:00–19:00,3734.5184247082902
Muganza (2),Southern Province,22805.608775301986,0.0,0.0,,14139.477440687231,0.0,5.0,18:00–19:00,4157.006367562046
Nyamiyaga (2),Northern Province,22584.524578821816,0.0,0.0,,14002.405238869525,0.0,5.0,18:00–19:00,4116.70714022764
Mushishiro,Southern Province,22505.68154898507,0.0,0.0,,13953.522560370744,0.0,33.33333333333333,17:00–18:00,3627.9158656963937
Ruramira,Eastern Province,22437.527560192448,3.0,8.0,35.449280253826934,13911.267087319318,0.1337045711454613,66.66666666666666,11:00–12:00,3616.9294427030222
Musebeya,Southern Province,22363.351257540024,0.0,0.0,,13865.277779674814,0.0,5.0,18:00–19:00,4076.391667224395
Kivu,Southern Province,22336.30979193418,0.0,0.0,,13848.512070999193,0.0,30.0,18:00–19:00,3656.0071867437864
Kageyo (2),Northern Province,22331.21364053806,0.0,0.0,,13845.352457133597,0.0,5.0,18:00–19:00,4070.5336223972768
Manihira,Western Province,22297.77951160469,0.0,0.0,,13824.623297194908,0.0,30.0,18:00–19:00,3649.7005504594554
Kibangu,Southern Province,22284.1984097906,2.0,5.0,7.684755061165922,13816.203014070172,0.08974969452440779,40.0,17:00–18:00,3564.580377630104
Ruhunde,Northern Province,22278.579242047985,0.0,0.0,,13812.71913006975,0.0,30.0,18:00–19:00,3646.557850338414
Muko (2),Northern Province,22239.541333847097,0.0,0.0,,13788.5156269852,0.0,30.0,18:00–19:00,3640.1681255240924
Tumba (2),Northern Province,22177.375823502836,0.0,0.0,,13749.973010571759,0.0,30.0,18:00–19:00,3629.9928747909435
Munyaga,Eastern Province,22161.770119549008,4.0,5.0,12.596446205945064,13740.297474120385,0.18049099771464464,5.0,18:00–19:00,4039.6474573913933
Kivuruga,Northern Province,21944.767836450104,1.0,1.0,6.417,13605.756058599065,0.04556894871036216,5.0,18:00–19:00,4000.092281228125
Rushashi,Northern Province,21918.921096441783,2.0,2.0,4.80116398653096,13589.731079793906,0.09124536701419446,5.0,18:00–19:00,3995.380937459408
Busengo,Northern Province,21893.83054462819,0.0,0.0,,13574.174937669477,0.0,30.0,18:00–19:00,3583.5821835447414
Base,Northern Province,21840.816050141508,0.0,0.0,,13541.305951087736,0.0,5.0,18:00–19:00,3981.143949619794
Munini,Southern Province,21837.570352746516,0.0,0.0,,13539.293618702839,0.0,30.0,18:00–19:00,3574.3735153375487
Mugano,Southern Province,21731.519888584677,0.0,0.0,,13473.542330922499,0.0,5.0,18:00–19:00,3961.2214452912144
Musange,Southern Province,21592.903687381677,1.0,1.0,95.485,13387.60028617664,0.046311511155601254,5.0,18:00–19:00,3935.954484135932
Mugunga,Northern Province,21552.41604664448,0.0,0.0,,13362.497948919578,0.0,5.0,18:00–19:00,3928.5743969823557
Mbogo,Northern Province,21454.880297179174,0.0,0.0,,13302.025784251087,0.0,5.0,18:00–19:00,3910.7955805698193
Mahembe,Western Province,21428.214792383722,0.0,0.0,,13285.493171277907,0.0,30.0,18:00–19:00,3507.3701972173667
Bukure,Northern Province,21267.820393189293,0.0,0.0,,13186.048643777362,0.0,5.0,18:00–19:00,3876.698301270544
Gikundamvura,Western Province,21265.224677590246,0.0,0.0,,13184.439300105952,0.0,5.0,18:00–19:00,3876.22515423115
Nyagisozi (2),Southern Province,21200.748187416546,0.0,0.0,,13144.463876198259,0.0,30.0,18:00–19:00,3470.1384633163398
Nzige,Eastern Province,20876.402588547688,3.0,22.0,17.029856254729687,12943.369604899566,0.14370291946974287,33.33333333333333,17:00–18:00,3365.276097273887
Nyakarenzo,Western Province,20827.444647959128,4.0,4.0,16.590737292009376,12913.01568173466,0.19205428546857084,5.0,18:00–19:00,3796.42661042999
Gashanda,Eastern Province,20776.69788980237,7.0,34.0,68.9491383166815,12881.552691677469,0.3369159063257951,53.84615384615385,17:00–18:00,3269.932606348896
Remera (2),Northern Province,20751.869668239426,1.0,1.0,32.709,12866.159194308444,0.04818842909034323,5.0,18:00–19:00,3782.650803126682
Kimihurura,City of Kigali,20695.808479270905,29.0,58.0,62.075438739726735,12831.401257147962,1.401249921163826,88.60971524288108,11:00–12:00,3674.036400162265
Ruganda,Western Province,20632.58475752627,0.0,0.0,,12792.202549666288,0.0,50.0,17:00–18:00,3262.0116501649036
Miyove,Northern Province,20580.775570379323,0.0,0.0,,12760.08085363518,0.0,30.0,18:00–19:00,3368.6613453596865
Rusasa,Northern Province,20556.642198150876,0.0,0.0,,12745.118162853543,0.0,30.0,18:00–19:00,3364.711194993335
Gatare,Southern Province,20513.57280555321,0.0,0.0,,12718.41513944299,0.0,5.0,18:00–19:00,3739.2140509962387
Cyabingo,Northern Province,20470.934074619505,0.0,0.0,,12691.979126264094,0.0,30.0,18:00–19:00,3350.6824893337202
Nyanza,Southern Province,20458.679028842234,0.0,0.0,,12684.380997882185,0.0,5.0,18:00–19:00,3729.208013377362
Kinoni,Northern Province,20424.801833714737,1.0,1.0,0.842,12663.377136903136,0.04896008334089801,5.0,18:00–19:00,3723.032878249522
Karama (1),Southern Province,20377.20099554977,1.0,1.0,29.137,12633.864617240857,0.04907445336670098,5.0,18:00–19:00,3714.356197468812
Gikomero,City of Kigali,20260.4099861358,3.0,5.0,72.0248048116535,12561.454191404197,0.14807202825870255,22.22222222222222,18:00–19:00,3433.46414565048
Rwezamenyo,City of Kigali,20213.62111598613,3.0,10.0,31.250672697998034,12532.4450919114,0.14841477352256405,95.0,11:00–12:00,3684.5388570219516
Coko,Northern Province,20175.188076709514,0.0,0.0,,12508.616607559898,0.0,30.0,18:00–19:00,3302.2747843958127
Bwira,Western Province,20170.777223260204,0.0,0.0,,12505.881878421325,0.0,30.0,18:00–19:00,3301.552815903229
Shangasha,Northern Province,20123.152632862042,0.0,0.0,,12476.354632374467,0.0,5.0,18:00–19:00,3668.048261918093
Kinihira (2),Northern Province,19894.850011636125,0.0,0.0,,12334.807007214396,0.0,5.0,18:00–19:00,3626.4332601210326
Ruramba,Southern Province,19723.8272550583,0.0,0.0,,12228.772898136145,0.0,30.0,18:00–19:00,3228.3960451079415
Nyabimata,Southern Province,19659.05112436537,1.0,2.0,14.26,12188.61169710653,0.05086715496459557,5.0,18:00–19:00,3583.4518389493196
Mukarange (1),Northern Province,19582.99725781607,0.0,0.0,,12141.458299845963,0.0,30.0,18:00–19:00,3205.344991159334
Bungwe,Northern Province,19382.563964490986,0.0,0.0,,12017.18965798441,0.0,30.0,18:00–19:00,3172.538069707884
Nkomane,Southern Province,19369.927525281513,0.0,0.0,,12009.355065674537,0.0,30.0,18:00–19:00,3170.4697373380773
Bweyeye,Western Province,19359.290095161992,0.0,0.0,,12002.759859000435,0.0,95.0,11:00–12:00,3528.8113985461277
Bwisige,Northern Province,19227.937567071254,2.0,4.0,74.11642687913367,11921.321291584178,0.10401531589249041,5.0,18:00–19:00,3504.868459725748
Rugendabari,Southern Province,19165.111866410643,0.0,0.0,,11882.369357174599,0.0,50.0,17:00–18:00,3030.0041860795227
Nkanka,Western Province,19129.261185079642,0.0,0.0,,11860.141934749377,0.0,5.0,18:00–19:00,3486.881728816317
Rangiro,Western Province,19120.514701981414,0.0,0.0,,11854.719115228476,0.0,30.0,18:00–19:00,3129.645846420317
Cyeru,Northern Province,19044.152266652534,0.0,0.0,,11807.374405324572,0.0,30.0,18:00–19:00,3117.1468430056866
Nemba (1),Northern Province,18986.368981646217,1.0,1.0,1.704,11771.548768620654,0.05266936510960479,5.0,18:00–19:00,3460.835337974472
Kiyombe,Eastern Province,18968.102190290174,0.0,0.0,,11760.223357979909,0.0,30.0,18:00–19:00,3104.6989665066953
Gitega,City of Kigali,18692.445745803827,4.0,5.0,151.03516217318307,11589.316362398373,0.21399018910609596,95.0,11:00–12:00,3407.2590105451213
Kaniga,Northern Province,18646.09480316485,0.0,0.0,,11560.578777962208,0.0,30.0,18:00–19:00,3051.9927973820227
Karembo,Eastern Province,18492.314988385348,4.0,18.0,48.56886722096779,11465.235292798916,0.21630607106315894,5.0,18:00–19:00,3370.7791760828813
Giti,Northern Province,18373.026228366052,0.0,0.0,,11391.276261586952,0.0,30.0,18:00–19:00,3007.2969330589553
Rukozo,Northern Province,18219.38513678244,0.0,0.0,,11296.018784805112,0.0,30.0,18:00–19:00,2982.1489591885493
Kintobo,Western Province,17942.969548458805,0.0,0.0,,11124.641120044458,0.0,30.0,18:00–19:00,2936.9052556917363
Cyinzuzi,Northern Province,17851.714983718895,0.0,0.0,,11068.063289905715,0.0,30.0,18:00–19:00,2921.9687085351084
Kivuye,Northern Province,17770.169747077132,0.0,0.0,,11017.505243187821,0.0,30.0,18:00–19:00,2908.621384201584
Ngamba,Southern Province,17578.205682637483,1.0,1.0,8.627,10898.487523235239,0.05688862777318221,80.0,11:00–12:00,3007.982556412926
Mataba,Northern Province,17548.416631103304,1.0,4.0,3.345,10880.018311284048,0.05698519821028024,5.0,18:00–19:00,3198.72538351751
Cyumba,Northern Province,17364.806266593478,0.0,0.0,,10766.179885287956,0.0,5.0,18:00–19:00,3165.2568862746593
Janja,Northern Province,17344.755825355147,2.0,14.0,17.657855653595508,10753.748611720192,0.1153086281604687,5.0,18:00–19:00,3161.602091845736
Kayumbu,Southern Province,17336.884868507692,0.0,0.0,,10748.86861847477,0.0,30.0,18:00–19:00,2837.701315277339
Muyongwe,Northern Province,17276.99238001899,0.0,0.0,,10711.735275611774,0.0,30.0,18:00–19:00,2827.898112761508
Nyabinoni,Southern Province,17203.714536055457,1.0,1.0,16.312,10666.303012354383,0.058126981699458284,5.0,18:00–19:00,3135.8930856321886
Nkotsi,Northern Province,17176.11408255938,0.0,0.0,,10649.190731186814,0.0,5.0,18:00–19:00,3130.862074968923
Gashaki,Northern Province,16845.328315187566,0.0,0.0,,10444.10355541629,0.0,66.66666666666666,11:00–12:00,2715.466924408235
Rwamiko,Northern Province,16758.324424623246,0.0,0.0,,10390.161143266412,0.0,30.0,18:00–19:00,2743.0025418223327
Ngoma (3),Northern Province,16645.920391142434,1.0,1.0,13.926,10320.47064250831,0.0600747796758728,5.0,18:00–19:00,3034.218368897443
Mata,Southern Province,16618.055164731086,0.0,0.0,,10303.194202133272,0.0,30.0,18:00–19:00,2720.0432693631838
Kamegeri,Southern Province,16235.11932341192,0.0,0.0,,10065.77398051539,0.0,5.0,18:00–19:00,2959.3375502715244
Rushaki,Northern Province,16133.21782429804,0.0,0.0,,10002.595051064785,0.0,5.0,18:00–19:00,2940.7629450130466
Shyara,Eastern Province,15760.08401540971,1.0,7.0,28.185,9771.25208955402,0.06345143839475931,5.0,18:00–19:00,2872.748114328882
Minazi,Northern Province,15112.227153124128,0.0,0.0,,9369.58083493696,0.0,30.0,18:00–19:00,2473.569340423357
Burega,Northern Province,15028.244182390017,0.0,0.0,,9317.51139308181,0.0,30.0,18:00–19:00,2459.823007773597
Cyungo,Northern Province,15017.567083384143,0.0,0.0,,9310.89159169817,0.0,30.0,18:00–19:00,2458.0753802083163
Karambo,Northern Province,14884.696421820949,0.0,0.0,,9228.511781528989,0.0,30.0,18:00–19:00,2436.3271103236525
Kibumbwe,Southern Province,14882.57320129949,0.0,0.0,,9227.195384805684,0.0,30.0,18:00–19:00,2435.9795815887
Mushubi,Southern Province,14618.373940026948,0.0,0.0,,9063.391842816707,0.0,5.0,18:00–19:00,2664.6372017881117
Gishamvu,Southern Province,14251.107645047356,0.0,0.0,,8835.68673992936,0.0,30.0,18:00–19:00,2332.621299341351
Kicukiro,City of Kigali,14106.805783896129,12.0,28.0,35.805553344212264,8746.219586015599,0.8506532367305156,95.0,11:00–12:00,2571.388558288586
Mbazi (2),Southern Province,13970.708004007813,1.0,1.0,131.586,8661.838962484844,0.07157833373320288,5.0,18:00–19:00,2546.580654970544
Rusiga,Northern Province,13739.505541597991,0.0,0.0,,8518.493435790755,0.0,5.0,18:00–19:00,2504.4370701224816
Nkombo,Western Province,12578.533156092297,1.0,1.0,7.83,7798.690556777224,0.07950052582368551,5.0,18:00–19:00,2292.815023692504
Rubaya,Northern Province,12333.90376409635,0.0,0.0,,7647.020333739737,0.0,95.0,11:00–12:00,2248.2239781194826
