loc,province,season,early,median,late,trend_days_dec,no_onset_pct,latest_year,latest,spread_days
Eastern,Eastern,A,06 Sep,13 Oct,28 Oct,-7.3,2.9,2026,not yet,52.8
Eastern,Eastern,B,22 Feb,08 Mar,22 Mar,-1.1,0.0,2026,2026-02-15,27.5
Kigali,Kigali,A,01 Oct,14 Oct,27 Oct,-4.3,5.7,2026,not yet,26.0
Kigali,Kigali,B,14 Feb,06 Mar,21 Mar,0.8,2.9,2026,2026-02-15,34.8
Northern,Northern,A,05 Sep,18 Sep,01 Oct,-1.7,0.0,2026,not yet,26.5
Northern,Northern,B,12 Feb,17 Feb,23 Feb,-0.9,0.0,2026,2026-02-10,11.5
Southern,Southern,A,26 Sep,08 Oct,25 Oct,-11.3,8.6,2026,not yet,29.0
Southern,Southern,B,22 Feb,06 Mar,27 Mar,-6.4,0.0,2026,2026-02-10,33.0
Western,Western,A,31 Aug,14 Sep,26 Sep,-1.5,0.0,2026,not yet,26.0
Western,Western,B,10 Feb,11 Feb,16 Feb,0.0,0.0,2026,2026-02-10,6.5
