From,To,Best km,Best min,Free-flow min,Congestion delay min,Best via,Alt km,Alt min,Alt extra min,Alt via
Nyabirasi,Bigogwe,48.719368176808686,2712.7536079069832,53.65134622783074,2659.1022616791524,Avenue de l'Indépendance → Avenue de l'Indépendance → Ruhengeri-Gisenyi Road → NR2 → NR18,26.97673565718034,4694.288426834403,1981.53481892742,Avenue de l'Indépendance → NR18 → DR33 → NR18
Butare,Giheke,38.98712803807155,645.6019410954896,38.98712803807162,606.6148130574179,NR11 → trunk (OSM way 150103699) → NR11,39.01432546654298,645.6110336714537,0.009092575964132266,NR11 → trunk (OSM way 150103699) → NR11 → trunk_link (OSM way 670624728) → primary (OSM way 220623175) → NR11
Kibeho,Ruhashya,41.015793435529005,36270.473876633696,49.195545710388465,36221.278330923305,NR9 → primary (OSM way 680562915) → NR9 → NR1 → trunk_link (OSM way 694439032),40.98773803433216,36270.56259306826,0.08871643456222955,(no distinct alternative)
Gacaca,Kinigi,11.51965664340608,2035.9759285984846,13.256962949373426,2022.7189656491112,NR2 → Ruhengeri - Gisenyi Road → NR17 → NR18,28.714821023402408,2912.88225782084,876.9063292223555,NR2 → Ruhengeri - Gisenyi Road → NR17 → DR37
Muganza (1),Mamba,44.641613426241584,20950.201649392617,53.56993611148991,20896.631713281127,NR8,44.641613426241584,20950.201649392617,0.0,(no distinct alternative)
Cyanika (1),Ruhashya,112.42086999117535,1178.3523843602507,127.75047114370659,1050.601913216544,NR14 → NR13 → NR6 → NR1 → NR1,330.75315435095985,1315.6745268136935,137.3221424534429,NR10 → NR11 → NR11 → NR11 → NR15 → NR1 → NR10 → NR1
Bigogwe,Nyabirasi,48.71936817680848,860.612985308741,53.65134622783074,806.9616390809103,NR18 → NR2 → Ruhengeri-Gisenyi Road → Avenue de l'Indépendance → Avenue de l'Indépendance,27.082374929998515,1294.901032374317,434.28804706557605,NR18 → DR33 → NR18 → Avenue de l'Indépendance
Byumba,Mutete,215.3580849778684,6773.9236441833345,245.84856338970297,6528.075080793632,NR21 → Kisoro - Kabale Road → Kabale-Kisoro road → NR3,138.60544395167273,9085.780667921485,2311.85702373815,NR21 → NR19 → NR19 → NR2 → Kigali-Gatuna Road
Nyamugari,Gahara,24.662825168925966,690.7516384491179,36.994237753388916,653.757400695729,NR25 → NR4,240.47297474742308,2022.6414901769838,1331.8898517278658,NR25 → NR24 → NR4;NR24 → NR4
Jali,Bumbogo,11.262531087910965,5488.577936453823,14.010002178694483,5474.567934275128,KN 3 Road → KN 3 Road → KN 3 Road → KN 3 Road → KN 5 Road → KN 5 Rd → KN 5 Road → KK 3 Road,164.72550695256677,6236.868317840883,748.2903813870598,NR4 → Kigali-Gatuna Road → NR23 → NR24 → NR4 → NR4
Ruhashya,Cyanika (1),112.41912966349122,881.046611390009,127.7518438528346,753.2947675371745,NR1 → NR1 → NR6 → NR13 → NR14,26.09695308992196,1104.6206507097986,223.57403931978956,trunk_link (OSM way 694439032) → NR1 → NR10
Muyumbu,Bumbogo,11.337003871998277,1126.409686852914,12.071726760882694,1114.3379600920314,NR4 → KK 3 Rd → KK 3 Road,11.337003871998277,1126.409686852914,0.0,(no distinct alternative)
