loc,province,Season,Rain mm,Normal mm,% of normal,Temp anomaly °C,Months forecast,Months observed
Eastern,Eastern,Season A 2026/27,486.6,460.4,105.7,1.1,6,0
Eastern,Eastern,Season B 2027,331.0,311.7,106.2,0.8,4,0
Eastern,Eastern,Season C 2027,34.4,29.8,115.3,0.7,2,0
Kigali,Kigali,Season A 2026/27,533.0,500.0,106.6,1.1,6,0
Kigali,Kigali,Season B 2027,310.2,291.2,106.5,0.8,4,0
Kigali,Kigali,Season C 2027,27.2,23.2,116.9,0.7,2,0
Northern,Northern,Season A 2026/27,860.0,805.9,106.7,0.6,6,0
Northern,Northern,Season B 2027,560.3,532.4,105.3,0.4,4,0
Northern,Northern,Season C 2027,62.9,55.0,114.2,0.4,2,0
Southern,Southern,Season A 2026/27,531.7,485.4,109.5,0.2,6,0
Southern,Southern,Season B 2027,312.3,291.6,107.1,0.1,4,0
Southern,Southern,Season C 2027,25.8,21.9,118.1,0.2,2,0
Western,Western,Season A 2026/27,1286.3,1212.7,106.1,0.3,6,0
Western,Western,Season B 2027,549.2,520.1,105.6,0.1,4,0
Western,Western,Season C 2027,79.3,69.2,114.5,0.2,2,0
