Sector,Area km²,Residents,Density /km²,Tested tiles %,Tests,Devices,Down Mbps,Up Mbps,Latency ms,≥10 Mbps %
Kinyinya,23.90481253661585,148264.44913911296,6202.284536304605,43.75,339.0,57.0,33.260971234691674,9.773862113003275,22.372401655606605,91.1763296833091
Bumbogo,61.63108261304541,122038.51515350267,1980.1455690747653,8.484848484848486,85.0,19.0,23.848258342382398,11.720854539842257,20.0,77.68153221441084
Karangazi,540.7397676748633,105315.37727847513,194.76166461979045,0.138217000691085,4.0,2.0,44.82039452526944,6.582649423300111,146.3285247974589,100.0
Ndera,49.30218971846417,100413.42028762362,2036.6929108225345,12.121212121212121,68.0,21.0,29.15579713239547,9.41027415726933,18.019998771763742,92.23187507367736
Nyagatare,163.69061900391296,94521.26321848335,577.4384860516891,2.5114155251141552,59.0,11.0,5.9297090457679165,5.5286743454289935,28.36955180472019,36.08350019162066
Nyamata,94.0978869209155,92565.32463785211,983.7131062852513,5.952380952380952,83.0,21.0,18.621401393598667,7.815870220910111,23.977958962303628,76.53013009568876
Gisozi,8.964213657973351,92027.40606444652,10266.08797778837,70.83333333333334,87.0,37.0,22.66292007932108,8.82294014151782,26.353723168410422,87.01291037707759
Rwimiyaga,311.3299998933113,86504.4124502762,277.85440683493437,0.12004801920768307,13.0,1.0,12.96,0.927,58.0,100.0
Muhoza,21.672699397217816,85173.05924758063,3929.970036797287,20.689655172413794,76.0,22.0,15.506913228357574,9.153380623905452,24.261390322085795,64.53228032366499
Gahanga,36.97232380488938,84591.29573825617,2287.962644292038,14.14141414141414,76.0,15.0,11.338615593597789,7.334454619539451,16.812983022309893,60.157234043342875
Masaka,53.40500532475809,82691.39296603792,1548.3828241039969,6.293706293706294,39.0,9.0,20.733014010997266,6.760797514311284,20.0,73.32251916732702
Ruhango (1),95.95451104669358,81362.6635892562,847.9295314178959,0.7782101167315175,16.0,2.0,9.57842866624371,1.417695696326401,26.742356680459707,56.44108298850728
Kabarore,213.72808936348986,80466.13312908524,376.48833790974265,2.097902097902098,73.0,16.0,11.956092164347224,4.499136294411719,22.43942559004104,46.9014301495004
Nduba,47.81280554051357,78821.6022254217,1648.5458515634105,4.6875,32.0,8.0,13.140775504239723,13.091590532956339,20.32166989423556,47.59963040141515
Mahama,60.85524346905312,78231.05473877596,1285.5269370265357,0.0,0.0,0.0,,,,
Runda,50.795394343262515,77283.32583027499,1521.4632513336483,11.76470588235294,82.0,25.0,18.988103559783482,8.28292980465651,20.092941135987942,81.47381240517925
Rubavu,26.152967420866418,77115.99434425628,2948.6517955407417,1.4285714285714286,4.0,2.0,16.222,3.907,33.0,100.00000000000001
Rugerero,25.404925734568288,75977.33816409169,2990.6538187871934,13.23529411764706,24.0,11.0,17.47851883768259,14.337667600077959,20.04589641664687,81.87733718593412
Mayange,165.76922469002773,72956.21269640623,440.10709969131625,3.3783783783783785,133.0,30.0,5.012433479384498,1.6669077008397555,22.0,30.85405553994734
Jabana,36.23258405577547,72943.0867911942,2013.1903007223434,9.278350515463918,25.0,9.0,12.237583975263414,4.367536162331324,20.701868175351226,57.405809544525425
Kigali,29.505034526948425,72766.85333603107,2466.2520990975104,11.39240506329114,86.0,14.0,17.325328549194822,2.6666912947970913,20.46736769638213,73.1068573391564
Kimironko,11.951996444427174,71438.19871486243,5977.09337072065,56.25,80.0,30.0,42.804623553032684,19.048048316721307,18.35760866231349,86.81044488845484
Nyamirambo,9.33690087193092,70594.65402427866,7560.8229103624735,44.0,72.0,18.0,32.76756094993572,15.960261949906702,18.0,84.99171053818351
Gatenga,12.698072907516831,69841.37170585689,5500.155197920871,32.35294117647059,73.0,22.0,25.794207548116212,12.042600815685136,19.36993514400749,100.0
Kanombe,22.034928081285315,69398.79033906257,3149.4902131314097,28.8135593220339,74.0,26.0,32.08482056424368,16.33336088314051,19.79112126829337,82.85194563302734
Rusororo,53.78408482818389,68952.16061564485,1282.017921024708,4.166666666666666,36.0,10.0,30.303643173028927,10.98040875318678,18.94768776138902,70.12939729939906
Cyuve,34.37858768478387,65038.23984929555,1891.8240750792038,4.3478260869565215,15.0,4.0,14.78930680094256,20.512922107390914,20.5536783006221,70.32813663162365
Gisenyi,10.087299166060888,64100.24609032605,6354.549918177686,25.925925925925924,15.0,10.0,59.29652340082688,22.948674580473455,25.135955205307102,88.33287120014904
Rugarika,72.8250458301946,63767.525333115474,875.6262987022562,4.102564102564102,36.0,10.0,10.615498917402716,2.9820688528852553,27.74334382805378,50.6762102502421
Rweru,235.19804138113705,63446.92315611776,269.7595727564006,0.31746031746031744,2.0,2.0,0.41348103722577095,0.006685343847938945,68.48275078351156,0.0
Nyamabuye,29.12762288842828,62668.68314523241,2151.520684859224,10.256410256410255,32.0,14.0,28.88941956929792,11.996986006096856,20.371928188187095,76.06883647757006
Mageregere,54.52414892971879,61685.52207347486,1131.3431439890428,1.36986301369863,5.0,2.0,7.981040946745942,3.5328149768892922,30.04196198120462,53.99182507831409
Murundi (2),457.2903647302468,61310.46112551222,134.07337187539244,0.0,0.0,0.0,,,,
Nyakiriba,21.669290876102693,60126.066325584776,2774.7131490995375,0.0,0.0,0.0,,,,
Muyumbu,50.419064537092396,60123.63656322875,1192.4782245612048,11.851851851851853,161.0,22.0,20.320943804515522,4.805157957917683,20.0,85.29803432568212
Mukarange (2),53.78611464859782,59056.1981593866,1097.982231012966,4.166666666666666,34.0,7.0,5.404585213997829,5.99892256431151,24.198194201973628,46.63181469827505
Nyarugunga,15.312826965328547,58708.137421006584,3833.9189461184487,31.70731707317073,58.0,29.0,50.14192820544817,10.220127149292502,16.91616538632138,93.29134208255616
Nyundo,32.87583707631547,57912.875588665156,1761.563529294497,1.1363636363636365,1.0,1.0,170.916,48.758,18.0,100.0
Kinazi (2),88.4917440320134,56618.18062350206,639.8131401164325,0.42194092827004215,1.0,1.0,1.118,7.147,17.0,0.0
Kigarama (1),7.84303281333551,55859.70381103736,7122.2070773513915,52.38095238095239,79.0,19.0,27.103894717877967,14.242138400983368,29.270809238220515,100.0
Tabagwe,105.01974504516953,55771.600619939585,531.0582366768452,1.0676156583629894,14.0,4.0,12.02937129671466,2.121590462810891,25.01837265033687,39.04680518421495
Muhazi,51.17213490698391,54840.72629847849,1071.6911928369416,5.109489051094891,22.0,9.0,42.540790583944684,2.981360245306771,45.04214733839174,85.65050418902455
Rwimbogo (2),617.6419774042288,54804.02618646421,88.7310581071412,0.24198427102238357,8.0,4.0,11.990672461862703,8.440351509897372,20.0,60.63430245437859
Gahini,204.33957415246084,54688.41517814162,267.6349669660062,0.9140767824497258,11.0,5.0,14.886801206850286,2.2109473246209186,25.029943878823385,57.390253142936956
Shyogwe,35.474995323357305,54327.64278677191,1531.4348118039559,8.421052631578947,49.0,12.0,20.514709394846104,8.461122122269765,22.0,100.0
Kimisagara,3.361444756147073,54280.05568391086,16147.835119006177,44.44444444444444,36.0,15.0,35.909158849407525,17.924092801552135,18.57475797671993,100.0
Kigabiro,37.3481922885974,53427.326390697395,1430.5197418352436,9.0,63.0,12.0,34.35618317539705,6.409521982025413,27.818448342385985,75.0459163868485
Busasamana (1),49.64808256177315,52787.23484545483,1063.228066859901,0.0,0.0,0.0,,,,
Jali,37.72592435892897,52670.76600740299,1396.1424909377172,1.9801980198019802,5.0,3.0,7.436805969009118,3.1175755963650253,29.0,36.66428513480027
Rugarama (2),73.22549900229211,51602.87194412302,704.7117827426173,2.0408163265306123,41.0,4.0,21.70354683143727,8.165699057619305,20.595958111034378,100.0
Ntarama,63.10932649649477,50730.98014471888,803.8586839860601,7.6923076923076925,120.0,19.0,20.572521220402383,5.333560508886302,23.24306042193393,80.19325977614358
Nyamyumba,24.282956887205653,50515.112473390676,2080.2702367769048,4.615384615384616,4.0,3.0,41.76846528368104,10.339903254385394,53.69138046039616,76.12136846850633
Mukingo,76.15984156769943,50465.74649185271,662.6293523338422,0.0,0.0,0.0,,,,
Mbuye,77.6678893227068,49823.190641204776,641.4902101200604,0.0,0.0,0.0,,,,
Byumba,49.32134132270917,49738.09502031017,1008.4497640661104,2.272727272727273,23.0,5.0,51.387611162626406,8.437860360143963,20.0,100.0
Gahara,106.01816265731964,49483.371822511275,466.7442877920397,1.4084507042253522,25.0,4.0,43.194564739535,5.618402962070263,25.245172585614792,87.22685360537058
Cyanzarwe,35.49421406455907,49142.01210326444,1384.507683812407,0.0,0.0,0.0,,,,
Katabagemu,99.77302646044733,48921.61527425647,490.32906998817253,0.0,0.0,0.0,,,,
Mugina,88.49844131737441,48414.21022682761,547.0628579005573,0.8438818565400843,11.0,3.0,15.923688856131621,0.8312020114632963,49.4644726881081,100.0
Gitoki,76.21866242140727,48396.6683443204,634.9713679930362,0.49019607843137253,1.0,1.0,0.711,0.719,29.0,0.0
Rukomo (2),60.168129212916924,47907.591891778284,796.2287097584124,0.0,0.0,0.0,,,,
Nyamiyaga (1),77.67409819378231,47870.06791161295,616.2938357158148,0.0,0.0,0.0,,,,
Mpanga,225.17551455942055,46743.2487303322,207.58584174567227,0.4975124378109453,14.0,5.0,61.67732526599475,9.697613868184966,30.9107333298033,94.86787544110653
Cyanika (2),39.23980375782642,46707.59531086108,1190.3116437361182,0.9523809523809524,1.0,1.0,23.652,2.198,17.0,100.0
Muyira,81.00644782447817,46596.44620053408,575.2189788829843,0.0,0.0,0.0,,,,
Musanze,31.762712089354288,46513.425904299926,1464.4034732754935,4.705882352941177,21.0,10.0,9.905326376418483,6.179027750090096,33.93574068282441,70.3647324978991
Shyrongi,46.69145043886337,46469.2641414395,995.2413922605639,2.4,14.0,4.0,27.084665145464342,12.776444350656597,22.51320310561546,100.0
Gasaka,41.05544187894473,46282.87931353726,1127.3262981800574,1.8181818181818181,3.0,2.0,48.55212128080326,21.668637451423766,20.916717681534738,100.0
Rilima,104.54820985427781,46049.01511594404,440.45723193279383,1.7857142857142856,13.0,5.0,37.49967208587826,14.46457452813942,21.0,98.44415775304672
Busasamana (2),36.243063735143856,46044.25765093713,1270.4295085928218,1.0309278350515463,1.0,1.0,63.616,14.292,20.0,100.0
Mamba,76.5114952136579,45995.64744957185,601.159960619372,0.4878048780487805,3.0,2.0,48.116,29.586,18.0,100.0
Kibilizi,82.86961253852809,45873.12457131803,553.5578502915107,0.0,0.0,0.0,,,,
Musenyi,88.11826889406527,45839.38433118092,520.2029602543428,2.5423728813559325,60.0,8.0,19.306469184619523,3.852851655303672,19.081540045490605,67.10866775471332
Kiziguro,62.76073871203682,45833.82434322982,730.2945325982818,0.5952380952380952,27.0,2.0,96.024,22.007,19.0,100.0
Bugarama,24.25115586826615,45682.392638451835,1883.7202188053036,1.5384615384615385,1.0,1.0,42.781,25.027,18.0,100.0
Kigoma (1),67.19867731753187,45604.77715953,678.6558750856825,0.0,0.0,0.0,,,,
Jenda,47.45252830099575,44906.2755953212,946.3410529040005,0.0,0.0,0.0,,,,
Byimana,60.86407304716572,44877.28257016041,737.3361709687654,0.0,0.0,0.0,,,,
Musambira,62.74149121025687,44359.66307414026,707.0227726255958,0.0,0.0,0.0,,,,
Mukura (2),105.31646030213531,43725.33978230784,415.1804917946079,0.3546099290780142,1.0,1.0,43.102,27.642,18.0,100.0
Rukoma,51.916774164614274,43722.699258120614,842.1690284432459,0.0,0.0,0.0,,,,
Rwempasha,170.0603280253853,43689.6166306689,256.90657626008607,0.0,0.0,0.0,,,,
Butaro,59.045470525332625,43202.5002405428,731.681869179235,0.0,0.0,0.0,,,,
Gacurabwenge,52.65959140005772,43135.16469531649,819.1321570958715,0.7092198581560284,1.0,1.0,8.483,18.631,24.0,0.0
Rubengera,47.801054188307006,43116.618173599316,902.0014078297548,1.5625,7.0,5.0,95.77389146588015,3.695500301531392,110.0001546314831,100.0
Gatsibo,59.40796119774649,43075.42192803106,725.0782733420084,2.515723270440252,11.0,5.0,32.999819363534726,13.825831559285351,17.45351542066846,100.0
Mururu,33.58832627060643,42873.32289916046,1276.4352279345176,2.2222222222222223,12.0,7.0,14.237391485128134,4.490439340036614,38.20648925331076,55.162231332768904
Nyamugari,97.0629163672678,42782.81108556124,440.77401222604044,0.0,0.0,0.0,,,,
Juru,91.48749330035866,42539.81421132397,464.9795581529743,0.0,0.0,0.0,,,,
Gishali,41.086682539376255,42394.54359636776,1031.8317512186118,10.0,119.0,20.0,16.883640419761868,5.578897758052705,20.726898057348446,75.29678269744821
Nyamirama,62.00008708718391,42362.55054018028,683.2659844591909,1.8072289156626504,8.0,3.0,68.29682316366976,1.3049183803908342,50.582294882601005,80.97765268643701
Ngororero,56.03160062208215,42321.18193696176,755.3091731647393,2.0,21.0,3.0,16.14200218320476,3.42989795296887,37.27497936684464,43.4095974140307
Gihundwe,23.514104371736284,42269.19503823598,1797.6102500014044,14.285714285714285,25.0,22.0,6.6003727196567334,4.5603088171830555,25.661553961000198,21.245359051416695
Kanama,42.589911082669666,42197.37104210456,990.7832622659587,0.8771929824561403,4.0,2.0,19.334,11.655,18.0,100.0
Ntongwe,72.80450278970258,42056.6810219125,577.6659328804724,0.0,0.0,0.0,,,,
Bwishyura,44.812029333086635,42014.42551385163,937.5702493087182,2.5,8.0,3.0,48.42540344542034,6.977734184995835,18.02447281289124,100.0
Murambi (3),56.780428660542164,41885.22260682282,737.6700668681228,0.0,0.0,0.0,,,,
Mbazi (1),42.54354714063434,41821.42276522657,983.0262302054722,0.8771929824561403,1.0,1.0,83.974,17.344,18.0,100.0
Ngarama,59.03838781890615,41692.742376282215,706.1971696139498,3.1645569620253164,19.0,5.0,3.7330308440564197,1.0941859855779839,70.8009372486954,41.97162093441852
Kabare,110.16729772623053,41650.41593974141,378.06514999799765,1.3559322033898304,5.0,4.0,67.72457652427315,15.031800235426463,19.0,100.00000000000001
Rwinkwavu,94.12121639799287,41531.145689801975,441.25168882419615,2.380952380952381,22.0,6.0,45.303948827154734,17.201437814833252,21.0,95.3471519337084
Remera (1),7.469922775981077,41501.93207236843,5555.8716357569965,80.0,174.0,60.0,47.36062581929087,15.503451323772763,17.017188896664123,94.04724041653039
Musheri,96.06248941034258,41342.96273372707,430.37571676001016,0.38910505836575876,1.0,1.0,8.271,5.308,21.0,0.0
Busoro,73.17407464662216,41148.30730168547,562.3345085045765,0.0,0.0,0.0,,,,
Kiramuruzi,54.538408912747116,41090.02818700211,753.4145019290845,4.794520547945205,37.0,7.0,31.108269787707957,4.781635726741122,23.704970067076996,83.75907141635582
Kanjongo,48.902727617722334,41031.456676987546,839.0422922364305,1.5267175572519083,9.0,2.0,9.093003307000767,1.0470005258481787,31.999994157242458,50.000097379292335
Kabarondo,53.40485378875835,41024.50149895874,768.1792681472399,7.6923076923076925,32.0,14.0,40.408111435674876,8.002537740954642,17.71747661243789,88.27362579337564
Nyakaliro,49.66870733198799,40858.76708955056,822.6259406440483,2.2556390977443606,31.0,4.0,13.967589017257836,9.276886654908981,23.283127140615044,52.74481101487234
Kagano,42.928985094802215,40572.58670518245,945.1093850829222,1.7391304347826086,2.0,2.0,5.836,3.0985,242.0,0.0
Mugombwa,49.99506068845284,40545.47028167349,810.989520231508,0.0,0.0,0.0,,,,
Rwankuba,68.70400832099547,40543.141710841766,590.1131928346612,0.0,0.0,0.0,,,,
Kigarama (2),113.48294661928944,40407.80450779371,356.0693981920746,0.9868421052631579,16.0,3.0,75.93311654080055,2.0728799145505192,17.61679848430802,57.57014099888964
Mwiri,417.9973707830365,40342.72254908172,96.51429738303737,0.08936550491510277,1.0,1.0,24.848,4.904,14.0,100.0
Kinigi,81.46513575221334,40339.84602632796,495.1792647719483,1.3761467889908259,9.0,6.0,41.11553344816824,9.1236792063172,27.0,100.0
Kabaya,49.31105568309421,40159.78901974389,814.4175472096466,0.0,0.0,0.0,,,,
Cyeza,57.886927380460165,40063.61357630646,692.101228883501,0.6451612903225806,3.0,2.0,8.967,6.083,18.0,0.0
Rukara,61.26373267509643,39707.179842302874,648.1351708176893,0.0,0.0,0.0,,,,
Ngeruka,85.11592497839894,39455.355976420615,463.5484603666559,2.1929824561403506,16.0,5.0,12.47229150338059,6.21142126373562,27.23698519697485,45.92134981724921
Gahengeri,62.0000656467164,39363.19050405474,634.889497187806,7.83132530120482,110.0,13.0,32.54540120548996,12.82540469870355,19.0,83.5720488408717
Mwulire,56.395753352176584,38986.2679771625,691.297937518514,3.9735099337748347,13.0,6.0,22.584170710629344,5.079087944233227,17.76526877742642,71.91340055121587
Muganza (1),70.14725577905584,38710.02268787501,551.8394448643966,0.0,0.0,0.0,,,,
Kigina,67.94900703340645,38356.07081831976,564.4831689661393,1.098901098901099,28.0,5.0,42.30334894820331,21.714237987021527,32.778867957952826,100.0
Gatsata,5.6026022716640025,38082.270579934186,6797.246838766506,33.33333333333333,22.0,6.0,19.21759861908455,7.7406576989503115,14.069299161721519,99.99999999999999
Kamembe,14.92883115489117,38051.338247175554,2548.8491263904943,22.5,31.0,18.0,20.291713155157666,9.43931057290421,24.0,74.45880637474417
Rurenge,64.97553635701667,38034.339465594756,585.3639938670157,3.4482758620689653,23.0,10.0,39.11675228092071,5.702122967900623,22.75420288163812,86.96487977981718
Ntyazo,64.20046374439107,37944.91061090738,591.0379520307198,0.0,0.0,0.0,,,,
Gatunda,51.94461968102556,37893.86095040395,729.5050225239381,0.0,0.0,0.0,,,,
Tumba (1),17.164508378130492,37861.25547859982,2205.787351698305,8.695652173913043,15.0,4.0,12.204818123813714,0.9640358177506373,41.80792463212806,59.50867056462745
Bigogwe,51.933685196615414,37424.52435323518,720.6213888259597,3.597122302158273,5.0,5.0,1.6439358821107346,2.6998671686842135,19.859775160805633,38.77315422973065
Mimuri,48.20511845656651,37288.009530673924,773.5280137164468,0.0,0.0,0.0,,,,
Karama (3),54.93631783031614,37264.40766113785,678.3200828318676,0.0,0.0,0.0,,,,
Nyabirasi,91.89809975593374,37233.40046776858,405.15963405831434,0.0,0.0,0.0,,,,
Kivumu,29.511769660634453,37007.35439711223,1253.9862848847076,0.0,0.0,0.0,,,,
Muhura,56.78415633781404,36970.49320747629,651.0705730580113,2.631578947368421,14.0,4.0,16.83091261131697,0.5728652557071607,47.115501165297054,74.67650949941795
Rugabano,73.93831740593298,36925.90782928179,499.4150411423721,0.0,0.0,0.0,,,,
Bugeshi,30.63988308945808,36700.305314411766,1197.7952137499776,2.4390243902439024,3.0,3.0,13.825328466687404,8.069038361622823,20.491046677861394,100.0
Kinazi (1),60.46888084980726,36690.360973563154,606.7643465189103,0.0,0.0,0.0,,,,
Gishubi,61.94618381077737,36588.954949568026,590.6571268592384,0.0,0.0,0.0,,,,
Kavumu,57.52444695942106,36464.69633524395,633.8991205072672,0.0,0.0,0.0,,,,
Nyakabuye,38.06436595775603,36224.64566594569,951.6681745375171,0.0,0.0,0.0,,,,
Ngoma (2),19.777310392593776,36174.36705358075,1829.084255416619,9.433962264150944,12.0,7.0,40.60686239616108,2.1182032975090332,23.841492099993694,83.12652048701173
Bweramana,55.25766868310683,35804.61377427229,647.9573718465316,0.6756756756756757,1.0,1.0,11.321,4.759,16.0,100.0
Nasho,94.4744989621985,35800.8003602884,378.9467078794792,2.766798418972332,69.0,11.0,35.22304659812593,9.63616550164785,26.084754376984822,81.38582396058786
Sovu,56.026549512931624,35710.63513746549,637.3877286378851,0.0,0.0,0.0,,,,
Kazo,69.44680036775559,35648.77429205415,513.3249351053762,2.6881720430107525,33.0,8.0,50.5220404013089,15.911021749648304,38.145613800751725,65.40853736009821
Mushikiri,95.95855501179628,35321.47488745546,368.0909417937083,0.0,0.0,0.0,,,,
Mugesera,66.09432134901866,35263.59470942011,533.5344094571551,1.1299435028248588,13.0,3.0,19.405652866569014,6.4549702561371936,30.990626917176012,50.09373082823987
Mukindo,48.49955661751245,35238.03759218464,726.5641183090884,0.7692307692307693,4.0,1.0,11.954,11.634,22.0,100.0
Remera (4),49.6666631676307,35206.24688265083,708.8506583143243,6.015037593984962,25.0,10.0,34.32854385221506,3.168277583056998,22.0,100.0
Nyange (2),54.185832752593726,35060.318986188555,647.0384822961,2.0689655172413794,12.0,3.0,25.60457799061676,5.659429038768075,22.856416090668766,88.28272251372124
Sake,53.39108540549485,35013.21001437596,655.787567314983,2.097902097902098,34.0,3.0,36.60560481412287,8.788445594654178,28.0,100.0
Bushekeri,105.25647976961278,34950.563857504276,332.0514227153015,0.3546099290780142,1.0,1.0,28.692,7.961,28.0,100.0
Fumbwe,41.46211413466331,34887.04568160893,841.4198457970703,12.612612612612612,63.0,14.0,37.584559073163355,4.964076366008127,24.58452704395756,75.66526403889752
Muhanda,107.58404659533642,34686.849920102104,322.4162970051892,0.0,0.0,0.0,,,,
Ndora,60.82511885550705,34495.68820325245,567.1289896728125,0.0,0.0,0.0,,,,
Rukira,68.70491802700204,34491.31248665528,502.0210121362737,1.6304347826086956,10.0,3.0,15.58520396703733,7.662194189139345,18.0,88.20786604969491
Gacaca,30.640954711265724,34299.21550755382,1119.3912144957762,2.4390243902439024,2.0,2.0,1.879609810933175,6.739737204248561,16.57730757309784,0.0
Zaza,61.61025921294137,34145.69842067105,554.2209829478962,4.242424242424243,44.0,8.0,54.74820376331716,10.5071031200718,22.07713428311163,94.73609949927726
Nzahaha,58.57980963768736,34139.262527023064,582.7820666911069,0.0,0.0,0.0,,,,
Mukamira,38.111088484375486,34033.877388089924,893.0177211297151,1.9607843137254901,18.0,2.0,26.221176780533487,6.05589515053528,28.491978207099365,100.0
Mudende,33.627267227610396,34013.00878860474,1011.4710945252674,1.1111111111111112,1.0,1.0,9.292,9.216,19.0,0.0
Macuba,49.651917575887865,34004.18494513552,684.8513935673001,0.0,0.0,0.0,,,,
Rubona,53.40370229001839,33737.99991865204,631.7539509794992,0.0,0.0,0.0,,,,
Mwogo,53.02835077071758,33595.798363764414,633.5440924615011,5.633802816901409,64.0,10.0,11.599056472564467,3.379599444959377,23.545549243313175,77.14306001678916
Kibirizi (1),41.41836843975743,33393.839429386644,806.2567572635708,0.0,0.0,0.0,,,,
Kibungo,44.06211467415981,33333.26029587939,756.5061400792833,8.47457627118644,68.0,14.0,20.811834949311887,7.63931337179923,25.512456951673837,79.63288589716002
Ruhango (2),57.52454689177577,33329.516823900834,579.3964250879815,0.0,0.0,0.0,,,,
Musaza,91.08603504231964,33281.35719062492,365.38375147367003,2.459016393442623,52.0,7.0,25.10168586861351,3.828499926739304,33.23166621125483,61.25881000376128
Kacyiru,5.602498677007951,33128.29908134242,5913.129300199102,86.66666666666667,86.0,32.0,38.58273869162763,16.0554384644572,16.0,84.39597168416364
Rambura,63.512550145075146,33128.248432609565,521.6016103421786,0.5882352941176471,9.0,1.0,27.887,1.808,34.0,100.0
Ruhuha,42.18475163029509,33083.73932435675,784.2582460672253,9.734513274336283,40.0,11.0,70.41569516976429,7.408361765706196,19.0,89.42378062536517
Gatore,62.715892647394014,33082.086346372205,527.491277727143,2.976190476190476,46.0,6.0,29.998745000806373,2.7615459417541475,24.768295315779213,94.3800723415952
Remera (3),52.676859359129416,33002.77839865908,626.5137823357985,0.0,0.0,0.0,,,,
Mushubati,51.539227932331414,32977.898662334985,639.8601606068569,0.7246376811594203,1.0,1.0,25.039,12.519,21.0,0.0
Mareba,53.388591315417884,32825.585309066395,614.8426939218908,2.797202797202797,24.0,6.0,20.27858910985581,3.8628079260450954,26.431652147588412,60.93598264653094
Jarama,84.37374126097151,32824.22052609342,389.03360258219124,2.6548672566371683,47.0,7.0,43.09592588569427,6.922302759315199,22.626831222052576,95.56676055235768
Karengera,55.98139146661803,32815.593786838006,586.1875335200644,0.0,0.0,0.0,,,,
Musha (1),50.75550400271285,32781.17069609814,645.86435186115,0.0,0.0,0.0,,,,
Muhanga,62.740302226230014,32449.037024945243,517.1960585707727,0.0,0.0,0.0,,,,
Niboye,5.228760470142166,32367.67793958494,6190.315682734819,64.28571428571429,49.0,24.0,38.17217396832331,14.640050994038829,16.0,99.99999999999999
Nyagihanga,73.2359223386394,32263.938358650557,440.5479896800323,0.0,0.0,0.0,,,,
Nyakabanda,2.6144036901711294,32247.348592988154,12334.49475083833,42.857142857142854,19.0,5.0,41.36966591559238,13.318149034737335,18.818442973357644,100.0
Nyarubaka,48.54613648280956,32241.72585403389,664.1460719629224,0.0,0.0,0.0,,,,
Twumba,98.93948812625811,32228.466701847392,325.7391695893977,0.0,0.0,0.0,,,,
Gitesi,76.92241238600428,31935.25338251829,415.1618805487278,0.0,0.0,0.0,,,,
Karambi,89.22178584594326,31895.528191747366,357.4858751070111,0.0,0.0,0.0,,,,
Kanyinya,23.157540511001187,31892.328322160727,1377.1897886569604,3.225806451612903,2.0,2.0,40.83097036916298,36.017743724280045,19.02182676557143,100.0
Kirehe,48.16166624914562,31764.6853945172,659.5429076351921,2.3255813953488373,20.0,4.0,53.95656198810214,11.865589936963794,21.794404983964704,100.0
Kagarama,8.216412212117818,31589.693915935677,3844.706558094325,36.36363636363637,40.0,15.0,43.351640014790846,19.464694345956893,19.585067498726914,94.94872623155835
Gataraga,49.323021287011024,31574.465694238803,640.1567639278777,0.0,0.0,0.0,,,,
Cyato,156.77341608229082,31547.769321415653,201.23162529580995,0.0,0.0,0.0,,,,
Gahunga,38.86442805776531,31293.148072948796,805.1874075294996,0.0,0.0,0.0,,,,
Gikonko,48.51983148049547,31269.324628063023,644.4648234327237,0.0,0.0,0.0,,,,
Shangi,34.714572544116216,31191.926426164166,898.5254358677361,0.0,0.0,0.0,,,,
Busanze,69.38620919721957,30993.509707814366,446.68112102392143,0.0,0.0,0.0,,,,
Ruharambuga,62.703278996581076,30931.6741238102,493.30233791277107,0.0,0.0,0.0,,,,
Muko (1),20.924734926054,30905.540034578702,1476.9859758699886,3.571428571428571,108.0,5.0,34.16400586931709,15.88203880997132,23.757318082763536,99.99999999999999
Rugera,41.472677788006095,30802.629796379413,742.7210259687533,0.9009009009009009,5.0,1.0,12.984,1.467,30.0,100.0
Save,41.05029734653685,30757.07166414796,749.2533221989618,0.0,0.0,0.0,,,,
Karenge,59.749280878581814,30659.394439050622,513.1341162306946,3.75,38.0,8.0,13.98916449377776,6.850740392276187,21.66430849706397,79.24097973284195
Kitabi,98.14892194394736,30614.389636565826,311.9177371509963,0.0,0.0,0.0,,,,
Rongi,79.9405846005603,30573.21070681054,382.4491759670751,0.46728971962616817,1.0,1.0,44.135,42.164,17.0,100.0
Rukomo (1),51.18735099147842,30558.0040674798,596.9835022829575,2.18978102189781,5.0,3.0,14.053768425949428,6.485667498585909,18.899759802876424,45.6332842174652
Kabacuzi,75.07258857803906,30542.456831964802,406.8389995666057,0.0,0.0,0.0,,,,
Masoro,31.005244276948343,30532.627957962595,984.7568909709534,0.0,0.0,0.0,,,,
Rutare,53.04902513555678,30488.248954940915,574.7183643249606,0.0,0.0,0.0,,,,
Gitambi,32.091800659041304,30115.675805882118,938.4227493447786,0.0,0.0,0.0,,,,
Rusatira,50.38661425808718,30084.633713827054,597.0759130536022,0.0,0.0,0.0,,,,
Mutete,57.15958443766287,29987.34026630441,524.6248824465829,0.0,0.0,0.0,,,,
Muganza (3),18.283464147039155,29957.063269208273,1638.4785196223088,0.0,0.0,0.0,,,,
Boneza,31.00162202660465,29868.925650083143,963.4633189337816,0.0,0.0,0.0,,,,
Nyarusange,60.496165999001164,29809.377583682424,492.748211253166,0.0,0.0,0.0,,,,
Murama (2),49.65750893338368,29699.344760980784,598.0836614422789,0.7518796992481203,10.0,1.0,8.066,1.527,161.0,0.0
Matyazo,41.09325471135408,29608.733619769293,720.5253959012498,0.0,0.0,0.0,,,,
Gihombo,56.753227052626755,29522.487213572364,520.1904587063644,0.6578947368421052,1.0,1.0,3.634,2.141,58.0,0.0
Murambi (2),28.389850219061454,29459.48790583943,1037.6767640027845,0.0,0.0,0.0,,,,
Gikondo,4.108336234753202,29416.36737384461,7160.165500819025,63.63636363636363,18.0,8.0,10.99384705358889,5.971164995256857,18.488984111793325,41.95376601478598
Murundi (1),66.84272266804254,29387.410937473516,439.6501184342633,0.0,0.0,0.0,,,,
Hindiro,35.11449573779038,29320.197960140988,834.9884383669636,1.0638297872340425,6.0,1.0,23.499,6.253,68.0,100.0
Ruheru,107.06577272621688,29308.49284436339,273.74287877517656,0.34843205574912894,4.0,1.0,6.234,4.885,30.0,0.0
Rusenge,60.817304700711716,29293.325768426297,481.66103237527216,0.0,0.0,0.0,,,,
Rusebeya,51.916509457001396,29233.238732238184,563.0817448628728,0.0,0.0,0.0,,,,
Gihango,47.060254041051806,29198.74485788417,620.454467424111,0.0,0.0,0.0,,,,
Kibeho,79.8488154810288,29124.73717146056,364.74851876018477,0.9345794392523363,2.0,2.0,8.293218289714938,4.640886622684402,22.78705012688721,21.294987311278938
Buruhukiro,157.50986006940943,29097.3255453513,184.73335912132146,0.23696682464454977,1.0,1.0,24.703,1.407,25.0,100.0
Matimba,77.3734122722104,29029.323316905957,375.18473677723773,0.0,0.0,0.0,,,,
Musha (2),41.460059336049305,29022.13813260737,700.0023298898845,2.7027027027027026,5.0,3.0,7.078589834561843,1.0249804004819414,34.098231367824106,23.327890060343577
Butare,205.6307200028541,28961.391858371353,140.841756805449,0.18148820326678766,1.0,1.0,92.633,66.939,22.0,100.0
Gashonga,45.52565644986999,28947.255927056096,635.8448880123455,0.819672131147541,1.0,1.0,13.894,0.859,118.0,100.0
Nyabitekeri,32.104236176213206,28914.82191418587,900.6544106976621,0.0,0.0,0.0,,,,
Maraba,51.87363279191557,28874.138234984923,556.6245639824346,0.0,0.0,0.0,,,,
Mwendo,58.624019168430074,28854.109227501824,492.18920225517735,0.6369426751592357,1.0,1.0,25.304,5.948,16.0,100.0
Mutuntu,66.08343744006662,28751.838144290017,435.0838766576885,0.0,0.0,0.0,,,,
Rugarama (1),25.785173751923665,28706.254484393776,1113.2852840385528,2.898550724637681,2.0,2.0,1.5220252726488837,3.717142493725606,105.31933392563205,0.0
Huye,36.5705345548894,28696.753113664075,784.6960254461849,0.0,0.0,0.0,,,,
Nyagisozi (1),73.91235434337672,28683.970343722183,388.08086413354187,0.0,0.0,0.0,,,,
Nyankenke,31.759286968512985,28569.030131875104,899.5488519688497,0.0,0.0,0.0,,,,
Kigoma (2),52.252220684896855,28568.041232534568,546.733533198752,0.0,0.0,0.0,,,,
Uwinkingi,91.81191983560313,28506.919322933183,310.4925741012408,0.0,0.0,0.0,,,,
Kagogo,22.422736626335222,28420.52014252544,1267.4866862212482,0.0,0.0,0.0,,,,
Mukura (1),28.730167928323926,28392.42026436652,988.244145846971,0.0,0.0,0.0,,,,
Karago,37.73547956424839,28253.746401216336,748.7316108733039,0.9900990099009901,1.0,1.0,19.747,6.975,31.0,100.0
Busogo,20.177142625588147,28124.44612774905,1393.8765587195846,5.555555555555555,5.0,4.0,65.83088882820611,6.602978854818127,24.37689618101134,61.81024871950997
Kabagali,60.8582596950757,28113.285630913706,461.9469201349586,0.0,0.0,0.0,,,,
Kinihira (1),59.368730474340865,28111.745305962268,473.51097254997137,0.0,0.0,0.0,,,,
Nyarugenge (2),44.42543837079883,28110.917709322795,632.7662425003849,2.5210084033613445,9.0,3.0,60.17646372011908,12.949619563016775,19.658725468687525,100.0
Mushonyi,33.99139287325286,28042.66754358,824.9931871914024,0.0,0.0,0.0,,,,
Gatumba,44.07234858274123,27990.806870465618,635.1103984829808,0.0,0.0,0.0,,,,
Ndego,149.3912156483853,27951.67706277949,187.10388654020974,0.0,0.0,0.0,,,,
Muringa,69.11330124678969,27785.96975239442,402.0350533275254,0.0,0.0,0.0,,,,
Ndaro,56.768107189217375,27766.10449975998,489.1145023949982,0.0,0.0,0.0,,,,
Kageyo (3),55.66851671194276,27673.16813321932,497.10625983469936,0.0,0.0,0.0,,,,
Musasa,43.69933805658291,27542.45567499124,630.2716905992634,0.0,0.0,0.0,,,,
Nyarugenge (1),4.481901063505738,27534.52168950392,6143.491634321452,100.0,113.0,48.0,36.933243252728836,15.251607710864477,20.531469540109146,85.755911282251
Nyange (1),53.7768993338693,27178.9848394315,505.4026017880482,0.6944444444444444,1.0,1.0,45.067,6.999,13.0,100.0
Mukama,65.02067406539648,27147.89563282879,417.5271330703829,0.0,0.0,0.0,,,,
Ruhashya,50.38259245138815,27022.47898589913,536.3455445841117,0.0,0.0,0.0,,,,
Kageyo (1),45.944129359986235,27006.210985217138,587.8054794251352,0.0,0.0,0.0,,,,
Gakenke,41.84430786022403,26993.699541120426,645.0984834374533,0.8928571428571428,1.0,1.0,8.122,0.62,28.0,0.0
Murama (1),69.4629580243863,26923.331151457896,387.5926381080107,2.1505376344086025,4.0,4.0,19.132839615901382,3.5532955655974883,24.038976267051115,89.75620303621743
Ngera,60.4412569763035,26895.444102815487,444.98485717065864,0.0,0.0,0.0,,,,
Ntarabana,33.99447101535234,26796.398452026424,788.2575504682754,1.098901098901099,4.0,1.0,13.591,0.955,33.0,100.0
Rugengabari,34.75020254916169,26733.67134499787,769.3097991926032,0.0,0.0,0.0,,,,
Shingiro,52.314044918450975,26726.889266184124,510.8931895411063,0.0,0.0,0.0,,,,
Kirimbi,42.18807078801924,26633.39276974821,631.3015094615723,0.0,0.0,0.0,,,,
Kigeyo,41.090410907044486,26579.1795164222,646.8462818867918,0.0,0.0,0.0,,,,
Rurembo,40.35038982354098,26496.90167416802,656.6702772895978,0.0,0.0,0.0,,,,
Cyanika (1),54.122163528329,26426.025404828953,488.26624218370097,1.3793103448275863,3.0,2.0,45.776549090086334,7.912990494614277,25.50001121639594,100.0
Cyahinda,53.34819069195984,26240.298752675728,491.8685790899827,0.0,0.0,0.0,,,,
Ngoma (1),47.005303784814345,26153.177452635555,556.3877976911335,0.0,0.0,0.0,,,,
Kayenzi,50.798815266263745,26152.17975778537,514.818694505134,0.0,0.0,0.0,,,,
Simbi,42.91972212137189,26021.847088193073,606.2911361496324,0.0,0.0,0.0,,,,
Mutenderi,76.53348599321127,25785.961348644792,336.92391002458817,0.975609756097561,6.0,2.0,17.409819757876875,5.045896184716018,33.87221569634877,36.51113721460494
Gishyita,41.820662900835615,25774.64207867548,616.3135706335368,0.0,0.0,0.0,,,,
Buyoga,53.051149668813515,25748.357317810074,485.34965742592425,0.0,0.0,0.0,,,,
Ruvune,61.647493453059916,25725.002683039085,417.2919488223281,0.0,0.0,0.0,,,,
Kibirizi (2),48.89526089309766,25722.85562550834,526.0807521151713,0.0,0.0,0.0,,,,
Kinyababa,43.350886964122225,25705.704327011885,592.9683595236764,0.0,0.0,0.0,,,,
Kamabuye,92.19990853088055,25620.197671801747,277.8766061706099,0.4048582995951417,2.0,1.0,3.835,1.043,85.0,0.0
Kisaro,39.230089079520994,25432.90559864993,648.3009902704118,0.0,0.0,0.0,,,,
Rwaza,27.65014013707132,25389.981624107848,918.2586959140502,0.0,0.0,0.0,,,,
Bushoki,35.491804309265085,25271.139132219618,712.0274560294085,1.0526315789473684,1.0,1.0,23.997,6.713,16.0,100.0
Kiyumba,61.25817061062154,25216.80094709026,411.6479597044631,0.0,0.0,0.0,,,,
Murunda,44.076042764057455,25080.644607909937,569.0312250164701,0.0,0.0,0.0,,,,
Rutunga,42.95806679956523,25038.8584341689,582.8674402643816,0.0,0.0,0.0,,,,
Tare,42.91842358550401,24923.101665463604,580.7086929884711,0.0,0.0,0.0,,,,
Muhima,2.987992521789687,24915.082517102062,8338.401898736658,87.5,80.0,34.0,44.88056831523346,17.805729890121263,19.912632295522958,100.0
Manyagiro,29.14546243317831,24787.205921251465,850.4653504153862,0.0,0.0,0.0,,,,
Kaduha,75.40725021259968,24783.229226854266,328.6584400966961,0.49504950495049505,2.0,1.0,83.239,6.129,32.0,100.0
Kamubuga,34.74878997067065,24772.10072764661,712.8910315598109,0.0,0.0,0.0,,,,
Shyira,34.74488496070381,24734.25758462945,711.8819824156477,1.0752688172043012,1.0,1.0,4.133,3.462,16.0,0.0
Ruli,47.44059305765377,24699.52466564261,520.6411445073143,0.0,0.0,0.0,,,,
Rwaniro,54.49514656162532,24673.72650535951,452.7692475779923,0.0,0.0,0.0,,,,
Nyarubuye,84.75563606044207,24613.680741268457,290.4075986606439,0.4405286343612335,2.0,1.0,43.18,7.785,18.0,100.0
Rwimbogo (1),26.49272341399596,24601.34475829469,928.6076170371346,1.4084507042253522,1.0,1.0,9.074,25.676,25.0,0.0
Kanzenze,22.043462285280082,24549.075161639154,1113.6669387019224,0.0,0.0,0.0,,,,
Mubuga,37.71516219660152,24519.21826167167,650.1156785130061,0.0,0.0,0.0,,,,
Muhororo,37.72518632114768,24515.980177002693,649.8570999306032,0.0,0.0,0.0,,,,
Cyabakamyi,60.106083000118836,24342.47276950891,404.99183367947603,0.6211180124223602,1.0,1.0,43.753,22.998,22.0,100.0
Rwabicuma,47.408424057459385,24284.648399457572,512.24331713757,0.7874015748031495,3.0,1.0,53.063,9.89,18.0,100.0
Kansi,41.041315291808566,24188.68908740862,589.3741200890908,0.0,0.0,0.0,,,,
Kimonyi,21.672471798309996,24153.710264023095,1114.4880237383252,1.7241379310344827,2.0,1.0,10.664,0.295,24.0,99.99999999999999
Rusarabuye,36.62118267924993,24120.445115947263,658.6473551989965,1.0204081632653061,9.0,1.0,36.968,4.586,20.0,100.0
Muzo,45.95220560877593,24115.22104059311,524.7891961030832,0.0,0.0,0.0,,,,
Bushenge,31.726890319637207,24037.129249399637,757.62638592166,0.0,0.0,0.0,,,,
Muhondo,54.53885271814798,23927.905740897317,438.7313731103703,0.0,0.0,0.0,,,,
Gashenyi,39.977229205350206,23904.126643301173,597.9435573314333,0.0,0.0,0.0,,,,
Gashari,54.51574064434233,23880.500142115423,438.0477979362049,0.0,0.0,0.0,,,,
Nemba (2),38.85900783558957,23785.309724422837,612.0925635841563,0.0,0.0,0.0,,,,
Murambi (1),51.15467045314568,23627.319308030397,461.8800023288484,0.0,0.0,0.0,,,,
Munyiginya,30.254199961134066,23514.668401895655,777.2364971509304,1.2345679012345678,1.0,1.0,88.914,37.307,16.0,100.0
Rwerere,48.57686768817669,23490.537790201095,483.5745676520544,0.0,0.0,0.0,,,,
Kabatwa,52.68527420264121,23430.121072879574,444.7185940944572,0.0,0.0,0.0,,,,
Giheke,36.20426267001842,23185.354167305093,640.4039871941768,2.0618556701030926,8.0,7.0,12.789632781466121,1.9268665202185886,51.1920065831076,100.00000000000001
Nkungu,37.69313211095771,23184.450679709953,615.0842177684151,0.0,0.0,0.0,,,,
Kigembe,44.39587870174983,23024.924913306986,518.6275300008755,0.0,0.0,0.0,,,,
Karama (2),38.47023371036142,22981.726789332828,597.3898407366062,0.0,0.0,0.0,,,,
Gatebe,41.84981138286523,22948.441738705616,548.3523337479487,0.0,0.0,0.0,,,,
Jomba,33.99655165182925,22846.094824495165,672.0121222431654,1.098901098901099,1.0,1.0,15.603,15.72,19.0,100.0
Gasange,35.861526077658425,22815.972780475873,636.2242569116468,0.0,0.0,0.0,,,,
Muganza (2),92.16015755234646,22805.608775301986,247.4562694008908,0.0,0.0,0.0,,,,
Nyamiyaga (2),39.228586873103005,22584.524578821816,575.7159861984946,0.0,0.0,0.0,,,,
Mushishiro,52.28549594332494,22505.68154898507,430.4383298454353,0.0,0.0,0.0,,,,
Ruramira,42.57582810243771,22437.527560192448,527.001553703374,1.7543859649122806,8.0,3.0,35.449280253826934,13.407672691932998,100.58869676061899,100.0
Musebeya,53.004940847160746,22363.351257540024,421.91069172257994,0.0,0.0,0.0,,,,
Kivu,125.75304471500351,22336.30979193418,177.62042933079974,0.0,0.0,0.0,,,,
Kageyo (2),31.010812186656135,22331.21364053806,720.1105700207077,0.0,0.0,0.0,,,,
Manihira,39.21726339529599,22297.77951160469,568.5705115844278,0.0,0.0,0.0,,,,
Kibangu,46.69178324059368,22284.1984097906,477.26166925269183,1.6,5.0,2.0,7.684755061165922,3.2859475943012533,143.35186903650376,0.0
Ruhunde,42.96965623013327,22278.579242047985,518.4723639102497,0.0,0.0,0.0,,,,
Muko (2),48.94076432875897,22239.541333847097,454.4175318647101,0.0,0.0,0.0,,,,
Tumba (2),34.744396842365205,22177.375823502836,638.3007862856635,0.0,0.0,0.0,,,,
Munyaga,41.453791284648254,22161.770119549008,534.6138298273399,3.6036036036036037,5.0,4.0,12.596446205945064,1.9070332063672484,23.907094005823645,60.23513497480238
Kivuruga,34.00071929867522,21944.767836450104,645.4206937117693,1.098901098901099,1.0,1.0,6.417,2.226,22.0,0.0
Rushashi,41.46870889043784,21918.921096441783,528.5653130497152,1.8018018018018018,2.0,2.0,4.80116398653096,2.4308291884593554,24.913366492325157,0.0
Busengo,36.615124605712445,21893.83054462819,597.9449962383156,0.0,0.0,0.0,,,,
Base,28.395209272686774,21840.816050141508,769.1725685272582,0.0,0.0,0.0,,,,
Munini,47.75458323332367,21837.570352746516,457.2874240374067,0.0,0.0,0.0,,,,
Mugano,74.66716858198427,21731.519888584677,291.04518493591394,0.0,0.0,0.0,,,,
Musange,61.97481037585484,21592.903687381677,348.4141953227209,0.6024096385542169,1.0,1.0,95.485,10.329,23.0,100.0
Mugunga,27.646548437485862,21552.41604664448,779.5698654889459,0.0,0.0,0.0,,,,
Mbogo,41.46654032708767,21454.880297179174,517.4022266613825,0.0,0.0,0.0,,,,
Mahembe,51.523106440248895,21428.214792383722,415.8952414337424,0.0,0.0,0.0,,,,
Bukure,39.970270431995125,21267.820393189293,532.0909807046233,0.0,0.0,0.0,,,,
Gikundamvura,38.06027225656778,21265.224677590246,558.7249753296409,0.0,0.0,0.0,,,,
Nyagisozi (2),35.067500029440616,21200.748187416546,604.5697061272587,0.0,0.0,0.0,,,,
Nzige,39.96010477197009,20876.402588547688,522.4311274376685,2.803738317757009,22.0,3.0,17.029856254729687,2.5884764384506638,104.58773786034551,75.57662193553561
Nyakarenzo,31.721058550396354,20827.444647959128,656.5810095797982,4.705882352941177,4.0,4.0,16.590737292009376,34.36313498955962,19.638932701577335,100.00000000000001
Gashanda,40.32597913320864,20776.69788980237,515.2186837465443,4.62962962962963,34.0,7.0,68.9491383166815,18.03297360975821,22.0,100.0
Remera (2),23.166660725169848,20751.869668239426,895.7643880757131,1.6129032258064515,1.0,1.0,32.709,19.459,16.0,100.0
Kimihurura,5.228898066337569,20695.808479270905,3957.9674755003757,85.71428571428571,58.0,29.0,62.075438739726735,13.457081841731595,18.0,86.06453352155114
Ruganda,59.36571256323411,20632.58475752627,347.5505281866064,0.0,0.0,0.0,,,,
Miyove,26.901392602832992,20580.775570379323,765.0449876045434,0.0,0.0,0.0,,,,
Rusasa,29.14287239190156,20556.642198150876,705.3746082991912,0.0,0.0,0.0,,,,
Gatare,64.95145215241541,20513.57280555321,315.8293175249716,0.0,0.0,0.0,,,,
Cyabingo,24.286685714084374,20470.934074619505,842.8870993602873,0.0,0.0,0.0,,,,
Nyanza,36.55828902533558,20458.679028842234,559.6180667717788,0.0,0.0,0.0,,,,
Kinoni,24.28950575241508,20424.801833714737,840.8899728922611,1.5384615384615385,1.0,1.0,0.842,0.922,30.0,0.0
Karama (1),52.24176859680581,20377.20099554977,390.0557263445266,0.7142857142857143,1.0,1.0,29.137,0.452,18.0,100.0
Gikomero,33.617428510113285,20260.4099861358,602.6757811068377,3.3333333333333335,5.0,3.0,72.0248048116535,11.233381140457364,15.348333113636166,100.0
Rwezamenyo,1.1204587233816703,20213.62111598613,18040.487073882698,66.66666666666666,10.0,3.0,31.250672697998034,14.879809347918878,18.136461563211085,100.0
Coko,54.16709399621249,20175.188076709514,372.46207223374796,0.0,0.0,0.0,,,,
Bwira,36.60260477024398,20170.777223260204,551.0749125608132,0.0,0.0,0.0,,,,
Shangasha,32.13474166424556,20123.152632862042,626.2117443829303,0.0,0.0,0.0,,,,
Kinihira (2),27.27374073242414,19894.850011636125,729.4507272331848,0.0,0.0,0.0,,,,
Ruramba,50.004917230054176,19723.8272550583,394.4377542775693,0.0,0.0,0.0,,,,
Nyabimata,127.22125310264593,19659.05112436537,154.52646979120587,0.2932551319648094,2.0,1.0,14.26,14.234,19.0,100.0
Mukarange (1),41.47794620053655,19582.99725781607,472.1303500211095,0.0,0.0,0.0,,,,
Bungwe,26.15719745252268,19382.563964490986,741.0030833644096,0.0,0.0,0.0,,,,
Nkomane,79.51622937355918,19369.927525281513,243.59715844024188,0.0,0.0,0.0,,,,
Bweyeye,225.76652463397343,19359.290095161992,85.74916111477759,0.0,0.0,0.0,,,,
Bwisige,47.82753431005965,19227.937567071254,402.0265281170267,1.5625,4.0,2.0,74.11642687913367,14.226043291707175,23.837283824124416,100.0
Rugendabari,43.32580683318557,19165.111866410643,442.3486431585863,0.0,0.0,0.0,,,,
Nkanka,20.156313441287608,19129.261185079642,949.0456298370424,0.0,0.0,0.0,,,,
Rangiro,88.4609725681882,19120.514701981414,216.146331505035,0.0,0.0,0.0,,,,
Cyeru,27.651384377170793,19044.152266652534,688.7232844072553,0.0,0.0,0.0,,,,
Nemba (1),22.791345402708025,18986.368981646217,833.0516977462108,1.639344262295082,1.0,1.0,1.704,2.145,30.0,0.0
Kiyombe,69.50793241704618,18968.102190290174,272.89118710195476,0.0,0.0,0.0,,,,
Gitega,0.7469847448237046,18692.445745803827,25023.86544750043,100.0,5.0,4.0,151.03516217318307,18.10900229624588,13.499994275740328,100.0
Kaniga,38.863934901261075,18646.09480316485,479.7788708358457,0.0,0.0,0.0,,,,
Karembo,36.59431318859881,18492.314988385348,505.33302519110384,4.081632653061225,18.0,4.0,48.56886722096779,5.629365833182211,19.97473688040135,100.0
Giti,35.48900768280749,18373.026228366052,517.7103398488877,0.0,0.0,0.0,,,,
Rukozo,20.549268051322723,18219.38513678244,886.619664081402,0.0,0.0,0.0,,,,
Kintobo,27.648924704038592,17942.969548458805,648.9572285550017,0.0,0.0,0.0,,,,
Cyinzuzi,34.3689145920294,17851.714983718895,519.414569695458,0.0,0.0,0.0,,,,
Kivuye,35.49984865992027,17770.169747077132,500.57029587114425,0.0,0.0,0.0,,,,
Ngamba,31.375996436600396,17578.205682637483,560.2437429567126,1.1904761904761905,1.0,1.0,8.627,14.193,24.0,0.0
Mataba,32.50237153289908,17548.416631103304,539.9118834556641,1.1494252873563218,4.0,1.0,3.345,0.643,34.0,0.0
Cyumba,21.67335676126574,17364.806266593478,801.205205906432,0.0,0.0,0.0,,,,
Janja,31.38327000302673,17344.755825355147,552.6752254842261,2.380952380952381,14.0,2.0,17.657855653595508,7.267636053205519,58.33144559456882,99.99999999999999
Kayumbu,33.61439547237751,17336.884868507692,515.7577467889971,0.0,0.0,0.0,,,,
Muyongwe,34.3695003612125,17276.99238001899,502.6838388234715,0.0,0.0,0.0,,,,
Nyabinoni,38.477652130602316,17203.714536055457,447.1092591008919,0.9708737864077669,1.0,1.0,16.312,4.415,15.0,100.0
Nkotsi,24.286911827096894,17176.11408255938,707.216883103104,0.0,0.0,0.0,,,,
Gashaki,22.419551927724928,16845.328315187566,751.3677512152216,0.0,0.0,0.0,,,,
Rwamiko,29.138543501028035,16758.324424623246,575.1256724287539,0.0,0.0,0.0,,,,
Ngoma (3),33.24618861031868,16645.920391142434,500.68657752774726,1.1235955056179776,1.0,1.0,13.926,1.161,17.0,100.0
Mata,59.705864789023906,16618.055164731086,278.3320403021126,0.0,0.0,0.0,,,,
Kamegeri,33.96167257021266,16235.11932341192,478.0423958757417,0.0,0.0,0.0,,,,
Rushaki,47.083680627115555,16133.21782429804,342.64988653004536,0.0,0.0,0.0,,,,
Shyara,29.867876134111853,15760.08401540971,527.6600165557219,1.25,7.0,1.0,28.185,10.131,20.0,100.0
Minazi,46.324321077185274,15112.227153124128,326.22663002322764,0.0,0.0,0.0,,,,
Burega,31.75483229413405,15028.244182390017,473.25849631919255,0.0,0.0,0.0,,,,
Cyungo,20.17611388481146,15017.567083384143,744.3240640453233,0.0,0.0,0.0,,,,
Karambo,21.67030811673328,14884.696421820949,686.8705484776818,0.0,0.0,0.0,,,,
Kibumbwe,48.52535884891656,14882.57320129949,306.69681903097927,0.0,0.0,0.0,,,,
Mushubi,35.46541901881942,14618.373940026948,412.1866974776143,0.0,0.0,0.0,,,,
Gishamvu,22.3875432235945,14251.107645047356,636.5641599310434,0.0,0.0,0.0,,,,
Kicukiro,1.8674262892052265,14106.805783896129,7554.143296279695,80.0,28.0,12.0,35.805553344212264,9.62048117557213,16.773271978706074,73.8070871792468
Mbazi (2),33.22236953920835,13970.708004007813,420.5211186854048,1.1235955056179776,1.0,1.0,131.586,43.935,24.0,100.0
Rusiga,30.63147518164666,13739.505541597991,448.5420783727137,0.0,0.0,0.0,,,,
Nkombo,8.958543076477842,12578.533156092297,1404.0824550053621,4.166666666666666,1.0,1.0,7.83,4.755,53.0,0.0
Rubaya,16.815697507862364,12333.90376409635,733.4755967351041,0.0,0.0,0.0,,,,
