site_id,Site,Sector,Tiles,Devices (avg),Tests (avg),Activity idx,Residents,Down Mbps,Latency ms,lon,lat,Rank,Gap flag
262,Muhima,Muhima,11,64.75,157.5,99.78615741320968,48754.817258355695,40.57566666666666,19.333333333333332,30.056441023543073,-1.9455316681645023,1,ok
255,Kimihurura,Kimihurura,11,56.58333333333333,230.08333333333334,99.85074456812771,15482.683295741708,63.30666666666667,19.087912087912088,30.095156864846054,-1.9499272823665377,2,ok
250,Remera (1),Remera (1),10,50.41666666666667,126.08333333333333,99.80503509211681,25463.21210735032,48.20003703703704,17.307936507936507,30.111323585194988,-1.957214939663974,3,ok
260,Kicukiro,Kicukiro,11,34.083333333333336,81.99999999999999,99.73089872278366,33010.967039934134,47.74127450980392,16.07777777777778,30.100396862822812,-1.9719720770110776,4,ok
252,Nyarugenge (1) #1,Nyarugenge (1),12,32.333333333333336,130.0,99.59600983832559,56932.34411572575,41.45695238095238,20.28,30.060179405605666,-1.9641999669181502,5,ok
258,Nyarugunga #1,Nyarugunga,10,31.750000000000004,80.08333333333333,99.64798220328362,22036.216164453726,45.58954166666667,18.756097560975608,30.12789268193282,-1.9597617916427794,6,ok
253,Kinyinya #1,Kinyinya,10,30.416666666666664,95.08333333333333,99.64320403559343,29006.404197729105,72.64222222222224,31.37662337662337,30.102320840913958,-1.9236831464406987,7,ok
68,Gisozi #1,Gisozi,11,29.0,82.66666666666666,99.71580227643017,41978.559634156496,23.631470588235295,25.36842105263158,30.056604845770472,-1.9283520334222235,8,ok
254,Kimironko,Kimironko,10,25.5,59.75,99.66263002882567,25338.8946050687,55.11884,17.125,30.12381160960478,-1.940170085997275,9,ok
251,Kigarama (1),Kigarama (1),10,25.25,115.74999999999999,99.64108910891089,23447.101703273936,24.00852272727273,24.164948453608247,30.071637748491646,-1.9900196611108074,10,ok
263,Nyarugenge (1) #2,Nyarugenge (1),8,21.0,37.75,99.68236934452939,13952.182401006534,57.113125000000004,18.684210526315788,30.07448468889509,-1.952507200108452,11,ok
16,Muhoza,Muhoza,8,20.916666666666668,51.666666666666664,99.64222490287003,22088.64229197532,23.325571428571415,19.0,29.640314474523777,-1.5051835806799208,12,ok
261,Kacyiru,Kacyiru,7,20.083333333333332,45.16666666666667,99.65646429019033,15930.897933900838,29.064607843137257,18.982456140350877,30.07984842007586,-1.938773801763314,13,ok
256,Gatenga,Gatenga,10,19.833333333333336,63.16666666666667,99.50432385010654,23266.179352683223,19.937416666666667,20.0,30.096376563320636,-1.9947925333611476,14,ok
264,Niboye,Niboye,8,19.666666666666664,32.33333333333333,99.65691189372102,19324.936882461327,24.87276923076923,16.0,30.115387480137716,-1.975355348053037,15,ok
257,Gikondo,Gikondo,9,19.416666666666664,35.75,99.54663979056133,30417.023029322918,40.305797297297296,17.30952380952381,30.080177405361457,-1.9725873385293151,16,ok
62,Kinyinya #2,Kinyinya,8,16.0,80.83333333333334,99.46255404812632,28365.259768180487,27.044909090909094,20.0,30.083999633789062,-1.90692017798481,17,ok
259,Nyamirambo,Nyamirambo,5,13.916666666666668,29.916666666666664,99.80386013284874,24180.139181711656,27.82238181818182,22.750000000000004,30.04196623842159,-1.9778204605622172,18,ok
121,Masaka,Masaka,4,12.5,74.5,99.7336758992355,3925.2476448070206,,,30.20899658203125,-1.9941651348066112,19,ok
78,Ndera,Ndera,5,11.666666666666666,70.58333333333334,99.65675523248527,10889.081032498227,38.80820833333333,17.64,30.142482212611608,-1.9360110472488852,20,ok
124,Kanombe #1,Kanombe,5,11.0,50.0,99.60678029828298,6728.7403813959845,39.515,23.18181818181818,30.146484375,-2.000353664858398,21,ok
183,Nyamata #1,Nyamata,5,11.0,43.0,99.59033086852989,4868.263952052588,12.246,24.0,30.071327903053977,-2.131355308524466,22,ok
246,Ngoma (2) #1,Ngoma (2),3,10.0,84.0,99.86579354137946,2250.786253531999,,,29.74603271484375,-2.617680177514635,23,ok
102,Nyarugunga #2,Nyarugunga,5,9.333333333333334,26.333333333333332,99.45528888331872,7468.642439993493,62.57357142857143,19.714285714285715,30.157764979771205,-1.9732251948404211,24,ok
236,Kamembe #1,Kamembe,3,8.5,17.0,99.80835108827337,3581.1521361275363,,,28.90066707835478,-2.4890741022656613,25,ok
242,Ngoma (2) #2,Ngoma (2),4,8.416666666666666,14.166666666666666,99.64144159669132,4706.562084349412,35.5041875,21.25,29.742736816406254,-2.5979469853171526,26,ok
158,Nyamabuye,Nyamabuye,4,8.333333333333334,18.333333333333332,99.54411580398546,8889.208614545085,23.748,25.0,29.754711914062497,-2.0857330305181776,27,ok
141,Gahanga,Gahanga,4,8.166666666666666,16.333333333333332,99.56134853991728,4610.240281719097,168.596,20.0,30.099344058912628,-2.0334450092333642,28,ok
185,Nyamata #2,Nyamata,4,8.0,15.75,99.58758929690438,5386.731357017319,49.638000000000005,23.625,30.090179443359375,-2.142864212313671,29,ok
233,Kamembe #2,Kamembe,3,7.166666666666666,12.916666666666668,99.63706813719347,5547.544691268339,20.179970588235292,24.0,28.91058633493823,-2.478240737695037,30,ok
210,Mayange,Mayange,3,7.0,36.0,99.74229226720142,870.0995840763712,,,30.179835728236608,-2.2363268433625016,31,ok
103,Rusororo,Rusororo,3,7.0,42.583333333333336,99.63001838158499,2053.205680674385,57.817,19.0,30.19866943359375,-1.975185869903356,32,ok
108,Nyarugunga #3,Nyarugunga,3,6.833333333333334,11.833333333333332,99.68954965116764,4666.347320270117,47.003,17.0,30.176696777343746,-1.9796236933242588,33,ok
39,Gisenyi,Gisenyi,3,6.333333333333334,8.0,99.51121694447926,6264.735867901183,1.321,40.0,29.261073062294404,-1.696128010262901,34,busy & slow
111,Kanombe #2,Kanombe,3,6.166666666666667,13.500000000000002,99.47857918703262,4311.988532353653,16.5295,20.42857142857143,30.13275146484375,-1.9841943689008803,35,ok
89,Kigabiro,Kigabiro,3,6.166666666666667,24.333333333333336,99.45951873668379,6565.149265340353,41.94025,104.03703703703704,30.43769630225929,-1.9511064469874995,36,ok
67,Gisozi #2,Gisozi,3,6.0,21.5,99.44776914400302,13622.27821265952,50.299,29.0,30.06500244140625,-1.9103515148876955,37,ok
105,Muyumbu,Muyumbu,3,5.0,24.0,99.33210093161215,2453.3198619699538,14.848,25.0,30.2552490234375,-1.9705586661853502,38,ok
