Hour,Clock,Window,Vehicle trips /h,Avg speed km/h,Free-flow km/h,Delay veh-h,Road km over capacity %,Speed index
0,00:00–01:00,OFFPEAK,17305.47927144701,52.313847359407276,52.31824011059113,0.9333567643279821,0.0,0.9999160378641452
1,01:00–02:00,OFFPEAK,12979.109453585259,52.31685013688294,52.31824011059114,0.22148993528753635,0.0,0.9999734323305741
2,02:00–03:00,OFFPEAK,12979.109453585259,52.31685013688294,52.31824011059114,0.22148993528753635,0.0,0.9999734323305741
3,03:00–04:00,OFFPEAK,21631.849089308766,52.30751691815497,52.31824011059112,2.8483787973891594,0.0,0.9997950391218534
4,04:00–05:00,OFFPEAK,64895.54726792629,51.46367373720697,52.318240110591134,692.1560477666935,0.2346160485588273,0.9836659954238184
5,05:00–06:00,AM,173054.79271447012,18.217445759757158,52.302624037403305,281696.2011869575,25.373761827414626,0.3483084471388906
6,06:00–07:00,AM,324477.7363396315,2.1679775659857894,52.302624037403326,6528108.300059381,47.920951914891525,0.041450646232116334
7,07:00–08:00,AM,432636.9817861753,0.705965467551457,52.30262403740332,27509394.647163816,52.95783254211793,0.013497706483074308
8,08:00–09:00,AM,389373.28360755777,1.068443682689819,52.30262403740332,16244022.445203764,50.597447806631784,0.020428108576841953
9,09:00–10:00,AM,259582.18907170516,4.99450612074541,52.30262403740331,2139130.527763458,39.0001851232107,0.09549245783870568
10,10:00–11:00,AM,199013.01162164065,12.24191123880865,52.3026240374033,566591.6789488329,31.85219770963485,0.2340592171829479
11,11:00–12:00,OFFPEAK,181707.5323501936,25.891778317787445,52.31824011059114,119122.602954905,19.56297487002932,0.49489008542827484
12,12:00–13:00,OFFPEAK,173054.79271447012,28.438588669849153,52.31824011059112,93335.6764330011,16.555381698477127,0.5435692907432517
13,13:00–14:00,OFFPEAK,173054.79271447012,28.438588669849153,52.31824011059112,93335.6764330011,16.555381698477127,0.5435692907432517
14,14:00–15:00,OFFPEAK,186033.90216805539,24.662331492694513,52.31824011059114,133995.43426530546,19.7818770214061,0.4713906935814905
15,15:00–16:00,OFFPEAK,237950.33998239643,13.07482891308065,52.31824011059113,458734.2536990741,26.270575973080017,0.24990957045655338
16,16:00–17:00,PM,346109.58542894013,2.0306398578818876,52.3403053090709,7493831.254931997,49.417243080119015,0.03879686688663555
17,17:00–18:00,PM,411005.1326968664,1.0412531885208716,52.34030530907092,17695873.333459716,52.19706808735505,0.0198939074270248
18,18:00–19:00,PM,367741.4345182489,1.6067955851388627,52.340305309070914,10147255.672582604,50.334340922651606,0.03069901055507207
19,19:00–20:00,PM,259582.1890717051,5.921483658009922,52.34030530907091,1778321.2841293688,43.94058493625156,0.11313429723123322
20,20:00–21:00,PM,173054.79271447007,20.538054960131056,52.3403053090709,234182.2267166249,26.82810866999157,0.3923946342852472
21,21:00–22:00,OFFPEAK,121138.3549001291,43.54011652937748,52.31824011059114,15686.9271380945,8.248244319812974,0.8322167648862362
22,22:00–23:00,OFFPEAK,69221.91708578804,51.21726799985708,52.31824011059113,955.75732667392,0.3386123089736758,0.9789562472207246
23,23:00–00:00,OFFPEAK,34610.95854289402,52.248044498252526,52.31824011059113,29.867416458557273,0.0001332639009652898,0.998658295611813
