Service,Quarter,Down Mbps,Up Mbps,Latency ms,Tests,Devices,Tiles
mobile,2024-Q3,15.60840706928316,8.568082333614646,22.0,7138.0,1552.0,794
mobile,2024-Q4,18.16354224616125,8.960908474681789,22.0,3614.0,1151.0,663
mobile,2025-Q1,32.06520519847195,12.57567945921199,21.0,7182.0,1772.0,823
mobile,2025-Q2,29.052288867601636,11.597296045705557,20.0,5548.0,1656.0,815
mobile,2025-Q3,24.12042333804057,11.410785707245646,20.0,4354.0,1279.0,730
mobile,2025-Q4,29.70837606651272,12.637727561033879,21.0,3739.0,1291.0,741
mobile,2026-Q1,28.388462913048173,10.631647086685222,20.0,3407.0,1153.0,690
mobile,2026-Q2,28.26038728401703,10.289013685328383,20.0,5253.0,1454.0,935
fixed,2024-Q3,41.60896224641276,10.262180304117946,7.0,4147.0,1548.0,553
fixed,2024-Q4,42.14502706944498,10.234925060195055,8.0,4027.0,1655.0,592
fixed,2025-Q1,48.8856312958005,12.206251557990024,7.0,3905.0,1659.0,562
fixed,2025-Q2,45.418829252601874,11.772844856249398,9.0,6305.0,2267.0,786
fixed,2025-Q3,46.26515122591552,12.568369511438334,10.0,6802.0,2572.0,860
fixed,2025-Q4,47.00797559218929,12.846160925160468,10.0,6328.0,2454.0,825
fixed,2026-Q1,46.27531061019914,13.427687066955858,10.0,7112.0,2390.0,812
fixed,2026-Q2,44.08152452794886,13.220631728446833,12.0,8020.0,2598.0,1054
