quadkey,admin_name,pop,dens,down_mbps,lat_ms,tests,lon,lat
3001010303122200,Gisozi,4945.283246194818,13240.011093124918,0.51,29.0,1.0,30.06134033203125,-1.9140115869457945
3001010303122211,Kinyinya,4524.516399469075,12113.491652088927,3.536,28.0,1.0,30.07781982421875,-1.9140115869457945
3001010303213112,Nyamirambo,4182.03902890148,11197.52628607198,3.038,17.0,2.0,30.05035400390625,-1.9853813739629322
3001010303122222,Gisozi,4041.8934333492193,10821.573575078093,5.278,21.0,1.0,30.06134033203125,-1.93048180552525
3001010303300221,Nyarugenge (1),3922.0416974607747,10501.16775834904,7.773,13.0,2.0,30.06683349609375,-1.9689116926042771
3001010303302011,Gikondo,3497.774404185567,9365.32651675556,6.813,18.0,2.0,30.07781982421875,-1.979891498344187
3001010303301231,Kanombe,3324.6329117692176,8901.620797152722,5.944,30.0,1.0,30.12176513671875,-1.9689116926042771
3001010303300320,Gikondo,3295.7032273283053,8824.16229646753,0.933,45.0,1.0,30.08331298828125,-1.9689116926042771
3001010303033121,Jali,3253.0885903750113,8709.385648316491,5.476,29.0,1.0,30.04486083984375,-1.903031353241752
3001010300030120,Muhoza,3143.176078916965,8411.663817822406,9.974,26.0,3.0,29.64385986328125,-1.5076995055843911
3001010303301121,Kimironko,2987.365714684387,7998.386781872255,8.411,15.0,1.0,30.13275146484375,-1.946951864524379
3001010303300332,Kicukiro,2928.0434678747024,7839.814280196368,6.602,18.0,2.0,30.09429931640625,-1.974401604541188
3001010303033111,Jabana,2826.060502729408,7566.021506320623,2.854,22.0,2.0,30.05584716796875,-1.8920510496201348
3001010300030012,Muhoza,2792.658624815159,7473.582968819198,4.695,110.0,3.0,29.63287353515625,-1.5022082363472984
3001010303122013,Kinyinya,2762.0355534228647,7394.6587024542605,6.704,31.0,8.0,30.07781982421875,-1.8975412101454638
3001010303123332,Kimironko,2739.015359385581,7333.309678652059,8.914,21.0,1.0,30.13824462890625,-1.93048180552525
3001010303123121,Bumbogo,2631.7589291243,7045.920456934637,7.723,39.0,5.0,30.13275146484375,-1.903031353241752
3001010303213102,Nyamirambo,2489.632991995165,6666.061860704511,7.733,18.0,1.0,30.03936767578125,-1.9853813739629322
3001010302323022,Nyamabuye,2446.517855889854,6551.422697367207,8.567,44.0,13.0,29.75372314453125,-2.0841959682083337
3001010303120330,Nduba,2444.2338402305327,6543.700076661404,5.88,22.0,3.0,30.09429931640625,-1.8810706764837721
3001010303120331,Nduba,2444.2338402305327,6543.700076661404,0.866,18.0,1.0,30.09979248046875,-1.8810706764837721
3001010303302013,Gikondo,2436.5409001866465,6523.9063022556475,0.31,54.0,10.0,30.07781982421875,-1.9853813739629322
3001010303300013,Kacyiru,2360.0316803114288,6318.718631443592,5.955,16.0,2.0,30.07781982421875,-1.9414618626730635
3001010322122330,Tumba (1),2253.6294704029965,6039.606367299777,9.233,95.0,4.0,29.74273681640625,-2.627557518206095
3001010312300300,Kigabiro,2228.7330579445656,5967.298164014226,6.249,17.0,1.0,30.43487548828125,-1.957931814530091
3001010303210313,Kigali,2193.026985053665,5871.7358308776165,9.17,23.0,1.0,30.01190185546875,-1.963421762583797
3001010312132021,Mukarange (2),2158.984987699782,5780.178542458815,4.568,37.0,1.0,30.50628662109375,-1.903031353241752
3001010300012221,Cyuve,2146.7595328787475,5744.97173450869,8.633,34.0,8.0,29.62738037109375,-1.4857343460277508
3001010303301003,Remera (1),2118.411622146652,5671.808178506454,8.283,24.0,1.0,30.11077880859375,-1.9414618626730635
3001010303313103,Masaka,2094.270752104664,5607.468422647319,4.693,15.0,11.0,30.22064208984375,-1.9853813739629322
3001010211221311,Gisenyi,2088.247265775639,5589.516283420918,1.321,40.0,2.0,29.26483154296875,-1.6943940878116521
3001010303300101,Kacyiru,2073.9448175054267,5552.71730440548,9.926,13.0,10.0,30.08880615234375,-1.9359718429899049
3001010303120222,Jabana,2002.180838292873,5360.27006635316,3.458,42.0,8.0,30.06134033203125,-1.8865608717161193
3001010132212201,Nyagatare,1891.4702708010864,5060.986937126143,0.318,29.0,1.0,30.33050537109375,-1.2990219972826724
3001010312132012,Mukarange (2),1850.7796390455612,4954.999129983365,3.584,24.0,1.0,30.51177978515625,-1.8975412101454638
3001010303300211,Gikondo,1846.695232063351,4944.414957414586,3.012,41.0,1.0,30.07781982421875,-1.957931814530091
3001010232010022,Gihundwe,1837.2613376363302,4922.62650672975,3.964,25.0,1.0,28.91876220703125,-2.479389395764278
3001010303302331,Gahanga,1793.1309030109371,4801.318642293258,8.529,14.0,10.0,30.09979248046875,-2.0128304775309447
3001010300030002,Muhoza,1749.7248537717378,4682.532175995427,2.995,45.0,11.0,29.62188720703125,-1.5022082363472984
3001010232010002,Gihundwe,1716.5288141932458,4599.068295707092,1.972,34.0,1.0,28.91876220703125,-2.4684133070579914
3001010232010020,Gihundwe,1716.5217185258473,4599.087307094257,9.566,26.0,1.0,28.91876220703125,-2.4739013627667936
3001010300022211,Busogo,1673.125524275382,4477.793183352297,0.351,70.0,1.0,29.55047607421875,-1.5626114277758694
3001010303313112,Masaka,1653.7974296590648,4428.088801292224,4.0,18.0,1.0,30.22613525390625,-1.9853813739629322
3001010303300120,Kimihurura,1641.8901918139934,4396.004393750024,9.279,16.0,1.0,30.08331298828125,-1.946951864524379
3001010211230023,Rugerero,1621.2742532079983,4339.566339040908,5.427,180.0,2.0,29.27581787109375,-1.6889033178172685
3001010303301302,Nyarugunga,1541.7477661074897,4127.9636147328765,7.641,15.0,1.0,30.12725830078125,-1.963421762583797
3001010310211320,Kabarore,1518.2010631582687,4063.384361968016,6.097,21.0,1.0,30.39093017578125,-1.6175219143611272
3001010303303220,Gahanga,1419.899331186097,3801.947263055983,6.861,13.0,8.0,30.10528564453125,-2.0128304775309447
3001010303211232,Kigali,1383.4873179219605,3704.276849205333,8.664,33.0,16.0,30.02838134765625,-1.974401604541188
3001010303313002,Rusororo,1374.7826398233426,3681.0189098357064,7.424,18.0,2.0,30.19317626953125,-1.9853813739629322
3001010230303131,Kagano,1361.5963624554283,3647.428279392966,8.215,18.0,1.0,29.08905029296875,-2.342181873036873
3001010230303130,Kagano,1361.5963624554283,3647.428279392966,3.457,466.0,1.0,29.08355712890625,-2.342181873036873
3001010321100330,Nyamata,1348.1308792518014,3610.3814074164443,6.013,105.0,2.0,30.09429931640625,-2.144579630500232
3001010303302323,Gahanga,1336.899243837613,3579.72892024508,5.194,15.0,8.0,30.08880615234375,-2.0183202429870364
3001010300030210,Muhoza,1287.047357093697,3444.3884310543976,9.624,94.0,4.0,29.63287353515625,-1.5186820024520113
3001010303303121,Kanombe,1263.4546085450827,3382.9575011535744,7.264,23.0,1.0,30.13275146484375,-1.9908712313470815
3001010303201110,Runda,1246.8089558836987,3338.1686948404194,8.716,14.0,1.0,29.96246337890625,-1.9359718429899049
3001010132202033,Tabagwe,1240.689432403535,3319.685151804166,2.22,24.0,2.0,30.25360107421875,-1.2935302390232017
3001010132212020,Nyagatare,1239.8363097655565,3317.38814132947,1.047,16.0,2.0,30.32501220703125,-1.2880384688779178
3001010330200033,Rweru,1226.5752517519322,3285.556568202466,0.407,87.0,1.0,30.25360107421875,-2.3037613243448463
3001010321100213,Nyamata,1214.0743871573682,3251.346179032947,1.478,110.0,1.0,30.07781982421875,-2.139090304119704
3001010211310202,Bigogwe,1211.7808829417265,3243.249529832054,0.476,20.0,1.0,29.44610595703125,-1.6120309317411856
3001010303210223,Runda,1207.2429187322382,3232.3838009183387,9.137,16.0,1.0,29.97894287109375,-1.974401604541188
3001010312300032,Kigabiro,1171.8733870847138,3137.5996953445087,1.053,24.0,7.0,30.42388916015625,-1.9524418484935027
3001010300030311,Muhoza,1085.4336310019094,2904.830984418991,2.408,142.0,1.0,29.66033935546875,-1.5186820024520113
3001010303321022,Gahanga,1078.2509611375638,2887.2415028978444,6.095,32.0,8.0,30.10528564453125,-2.040279118941826
3001010132212211,Nyagatare,1066.052177030103,2852.4245004174445,9.593,24.0,1.0,30.34149169921875,-1.2990219972826724
3001010132212210,Nyagatare,1066.052177030103,2852.4245004174445,3.653,45.0,44.0,30.33599853515625,-1.2990219972826724
3001010302030010,Ngororero,1060.040755106351,2837.833678633087,9.73,41.0,1.0,29.63287353515625,-1.8481291440146947
3001010330200122,Rweru,1057.2575108444719,2832.0148756262174,0.421,47.0,1.0,30.25909423828125,-2.3037613243448463
3001010303320102,Gahanga,1043.2144027539728,2793.385784785146,0.195,68.0,1.0,30.08331298828125,-2.0292997182390153
3001010312022110,Fumbwe,1040.5999763428995,2785.9282534408494,0.748,132.0,2.0,30.27008056640625,-1.8920510496201348
3001010232210110,Rwimbogo (1),1031.587486252451,2764.6479585695643,9.074,25.0,1.0,28.95172119140625,-2.6385322473984294
3001010312300003,Gishali,1000.0913988795576,2677.631918234612,1.784,16.0,1.0,30.41839599609375,-1.9414618626730635
3001010310033012,Kabarore,986.5076971983556,2640.1536826209813,9.614,35.0,13.0,30.37994384765625,-1.5461379995639422
3001010230223331,Gihundwe,974.7768072406742,2611.6394764353972,0.817,22.0,1.0,28.91326904296875,-2.451949004166252
3001010322122121,Ngoma (2),962.6335850865622,2579.7161586073266,0.545,59.0,1.0,29.73724365234375,-2.6056077708060967
3001010303123302,Bumbogo,960.8401892928671,2572.47476456015,0.52,51.0,1.0,30.12725830078125,-1.919501677452845
3001010321103233,Mayange,959.4787387942412,2569.7137735190618,2.946,24.0,1.0,30.12176513671875,-2.1939826756524683
3001010303311021,Ndera,955.530114073657,2558.340747006622,4.393,540.0,6.0,30.19866943359375,-1.946951864524379
3001010312331013,Kabarondo,941.7381672854235,2521.6657309754532,3.075,47.0,1.0,30.56121826171875,-2.0292997182390153
3001010303203012,Rugarika,940.2768221300597,2517.617449101431,2.31,30.0,1.0,29.94049072265625,-1.9853813739629322
3001010211230223,Rugerero,930.9790204077883,2491.951705403887,2.204,8.0,1.0,29.27581787109375,-1.7108663042007104
3001010211301231,Bigogwe,917.3688687477822,2455.2889639476116,1.739,68.0,1.0,29.41864013671875,-1.6175219143611272
3001010303132023,Bumbogo,915.0620043147634,2449.8806247512107,9.632,24.0,5.0,30.15472412109375,-1.9085214788586462
3001010303300123,Kimihurura,914.1722729256837,2447.6250392199363,4.662,25.0,1.0,30.08880615234375,-1.9524418484935027
3001010320121320,Ruhango (1),894.5446686499387,2395.9289756445155,8.418,29.0,1.0,29.77569580078125,-2.2324061399778787
3001010302323103,Cyeza,853.07516534541,2284.3807354452433,8.967,18.0,3.0,29.78118896484375,-2.0732168697286886
3001010321020100,Kinazi (2),850.5017414502933,2277.8640260382344,1.118,17.0,1.0,29.90753173828125,-2.1994718028278446
3001010312130011,Gahini,840.7646620631009,2250.809945102401,0.677,25.0,2.0,30.51727294921875,-1.8481291440146947
3001010211230333,Nyamyumba,836.5910122768669,2239.3033076682445,0.376,121.0,1.0,29.30877685546875,-1.7108663042007104
3001010122322323,Rugarama (1),827.6996019581637,2214.857311649347,2.145,167.0,1.0,29.73724365234375,-1.4033630788431193
3001010232001130,Kamembe,814.4204247499407,2182.081704927385,7.465,24.0,8.0,28.90777587890625,-2.4739013627667936
3001010232001121,Kamembe,814.4204247499407,2182.081704927385,5.004,33.0,1.0,28.90228271484375,-2.4739013627667936
3001010321100000,Ntarama,805.0088983160502,2155.7736266406014,0.553,17.0,1.0,30.06134033203125,-2.1116433785665123
3001010312202230,Nyakaliro,803.6771383752131,2151.939950611778,7.573,37.0,28.0,30.24810791015625,-2.0128304775309447
3001010232001321,Kamembe,803.0392004657899,2151.6594687895754,0.368,28.0,1.0,28.90228271484375,-2.4958533579862636
3001010321121101,Mayange,796.5643909991945,2133.405826525476,3.787,20.0,1.0,30.13275146484375,-2.1994718028278446
3001010321121100,Mayange,796.5643909991945,2133.405826525476,2.368,22.0,2.0,30.12725830078125,-2.1994718028278446
3001010132212003,Nyagatare,792.9444252262634,2121.6454933568193,1.529,39.0,2.0,30.33050537109375,-1.2825466868972495
3001010310211303,Kabarore,781.4815150466058,2091.5823907821373,0.251,29.0,1.0,30.39642333984375,-1.6120309317411856
3001010211303011,Bigogwe,768.0842286319083,2055.7588972114195,0.635,32.0,1.0,29.41864013671875,-1.6285038349705723
3001010300100201,Rugarama (1),747.2710845489477,1999.684504246606,0.832,37.0,1.0,29.71527099609375,-1.430820498663316
3001010303303300,Kagarama,745.265766382361,1995.5098345295116,3.914,19.0,1.0,30.12725830078125,-2.001850891210238
3001010312211131,Mwulire,730.5800094010341,1956.0582963009256,1.309,28.0,5.0,30.40740966796875,-1.946951864524379
3001010303202220,Gacurabwenge,722.5530174268822,1934.7205866518793,8.483,24.0,1.0,29.88555908203125,-2.0128304775309447
3001010321121112,Mayange,719.9573050482006,1928.2464093021906,3.271,16.0,1.0,30.13824462890625,-2.204960909806003
3001010303203313,Rugarika,711.4851629455496,1905.072293224899,0.731,137.0,1.0,29.96795654296875,-2.007340693588567
3001010321211310,Ruhuha,691.9062240409078,1853.3837028515634,9.215,19.0,1.0,30.05035400390625,-2.309250038018876
3001010312200322,Muyumbu,683.2946012376343,1829.5161363339166,8.969,29.0,3.0,30.25909423828125,-1.974401604541188
3001010312202002,Muyumbu,674.127369684446,1804.9948577799305,5.737,39.0,1.0,30.23712158203125,-1.9853813739629322
3001010300021110,Musanze,673.5267188080635,1802.4517974871546,3.696,34.0,4.0,29.61090087890625,-1.496716953308557
3001010300021111,Musanze,673.5267188080635,1802.4517974871546,2.367,33.0,10.0,29.61639404296875,-1.496716953308557
3001010330111221,Kibungo,640.9854360908471,1716.6003216033994,8.626,18.0,8.0,30.55023193359375,-2.144579630500232
3001010312132011,Mukarange (2),623.8724547309914,1670.251717943378,5.163,234.0,1.0,30.51727294921875,-1.8920510496201348
3001010313232230,Nasho,620.3935482768071,1661.3595240195366,6.255,29.0,3.0,30.68756103515625,-2.1006644722475913
3001010303323133,Mwogo,616.5135462005632,1650.9345435958915,7.816,42.0,6.0,30.14373779296875,-2.0841959682083337
3001010331203003,Musaza,603.0654211659102,1615.4718942628895,9.595,50.0,9.0,30.63812255859375,-2.3366932873360335
3001010321120112,Mayange,601.3855707028927,1610.6782432555021,5.473,24.0,1.0,30.09429931640625,-2.204960909806003
3001010321100212,Nyamata,570.6628164985204,1528.2608607557625,8.91,27.0,9.0,30.07232666015625,-2.139090304119704
3001010303212130,Kigali,568.3789211384818,1521.8605573627883,8.055,15.0,3.0,30.00640869140625,-1.9908712313470815
3001010300333033,Rushashi,568.0361931102648,1520.4976176966845,4.067,24.0,1.0,29.85809326171875,-1.7328290391190524
3001010330123312,Mutenderi,556.6979555452165,1491.1263211668254,6.248,43.0,1.0,30.48980712890625,-2.2708285998506654
3001010302323013,Nyamabuye,556.5161723447566,1490.2494817714446,5.428,18.0,1.0,29.77020263671875,-2.0732168697286886
3001010230232201,Gihundwe,554.1890662969839,1484.7689642198634,8.424,38.0,4.0,28.92425537109375,-2.440972689603249
3001010303133223,Ndera,551.9070239276632,1477.64966210072,6.589,47.0,4.0,30.19866943359375,-1.93048180552525
3001010303212022,Rugarika,534.6310364813169,1431.5086015704603,7.157,24.0,4.0,29.97344970703125,-1.9963610704462975
3001010300212231,Shyira,522.4600067006104,1398.3977793165425,4.133,16.0,1.0,29.63836669921875,-1.6614492361273288
3001010303231313,Mageregere,519.1881669377339,1390.2534744526824,1.779,43.0,4.0,30.05584716796875,-2.0512584446928064
3001010321320013,Ngeruka,514.4280469827831,1378.1199983324375,8.769,29.0,3.0,30.07781982421875,-2.3806013679911087
3001010302031100,Kibangu,501.70933837897707,1343.125394451218,7.985,14.0,4.0,29.68780517578125,-1.8481291440146947
3001010300031013,Gacaca,496.3942181463623,1328.4270915155348,2.55,17.0,1.0,29.68231201171875,-1.5022082363472984
3001010312211032,Mwulire,492.3399731987639,1318.201920906576,6.411,29.0,2.0,30.37994384765625,-1.9524418484935027
3001010312120322,Muhazi,466.38120647845955,1248.6031095611138,3.914,28.0,1.0,30.43487548828125,-1.8865608717161193
3001010321013203,Musenyi,461.11101823301254,1234.9476170623777,7.294,48.0,2.0,30.02288818359375,-2.183004360911295
3001010331213112,Kigarama (2),459.2037463934195,1230.0999526794403,8.367,16.0,1.0,30.75347900390625,-2.3366932873360335
3001010303323102,Mwogo,439.7323971303967,1177.5236902472795,7.67,21.0,1.0,30.12725830078125,-2.0732168697286886
3001010310302231,Rwimbogo (2),435.5675572815664,1165.824555053281,4.341,20.0,1.0,30.42938232421875,-1.6614492361273288
3001010230312111,Kanjongo,422.56449602567363,1131.9430900331988,7.395,35.0,8.0,29.13299560546875,-2.331204680180618
3001010301303001,Rukomo (1),421.0752610217361,1126.9977718236594,6.787,31.0,2.0,30.11077880859375,-1.6285038349705723
3001010310213002,Gitoki,417.45197850313485,1117.30624236317,0.711,29.0,1.0,30.36895751953125,-1.6339947728592938
3001010303202331,Rugarika,416.74886291110414,1115.8940383491883,2.809,128.0,4.0,29.92401123046875,-2.0128304775309447
3001010322200120,Kibeho,411.7979415327667,1103.6354107867692,3.409,23.0,1.0,29.55596923828125,-2.649506879716573
3001010310032020,Kabarore,402.9953545296291,1078.5269966258968,3.999,39.0,1.0,30.32501220703125,-1.5516291565733207
3001010321031323,Mareba,402.80595229330527,1078.874765894605,7.396,45.0,11.0,30.04486083984375,-2.237895124716351
3001010303322212,Ntarama,400.2908352815615,1071.9362336297395,6.916,70.0,7.0,30.07232666015625,-2.0951749901256327
3001010321112201,Mayange,381.8455582751375,1022.6513870518198,8.938,48.0,3.0,30.15472412109375,-2.1775151734461122
3001010330011001,Mugesera,375.8264699986962,1006.4445174599019,7.299,36.0,5.0,30.37445068359375,-2.1116433785665123
3001010312200121,Rusororo,373.01179187165144,998.7034968378169,5.212,60.0,6.0,30.26458740234375,-1.946951864524379
3001010312232100,Karenge,369.43887391566534,989.2835172533287,7.587,19.0,3.0,30.34698486328125,-2.067727291903801
3001010312023333,Gahengeri,363.92870975387,974.3654486757166,7.143,17.0,14.0,30.31951904296875,-1.93048180552525
3001010300031123,Gacaca,363.44937524823666,972.656107954344,0.964,16.0,1.0,29.69329833984375,-1.51319076096943
3001010303322320,Ntarama,353.72962688037774,947.2569245407194,4.904,47.0,1.0,30.08331298828125,-2.1006644722475913
3001010312202132,Muyumbu,348.27122349800965,932.5183502216886,6.891,26.0,4.0,30.27008056640625,-1.9963610704462975
3001010211300211,Mudende,342.61431581863127,916.9790930520984,9.292,19.0,1.0,29.37469482421875,-1.60653993431162
3001010303201213,Runda,332.91418973199313,891.3634851643642,2.989,15.0,1.0,29.94598388671875,-1.963421762583797
3001010300301233,Nemba (1),330.2545611255455,883.91355229435,1.704,30.0,1.0,29.77020263671875,-1.6230128821210532
3001010321121320,Mayange,327.54583811673035,877.2916455698513,6.724,22.0,6.0,30.12725830078125,-2.2324061399778787
3001010321123201,Ngeruka,327.2517451498913,876.5435242407165,6.377,29.0,8.0,30.11077880859375,-2.2653397391626844
3001010330130021,Kazo,320.5104584754523,858.4227167835181,2.794,37.0,1.0,30.50628662109375,-2.2104499965366395
3001010300321221,Mataba,308.21686354658505,824.999416737867,3.345,34.0,4.0,29.75921630859375,-1.705375581053754
3001010312031100,Kiramuruzi,307.8351222162817,824.1049913254063,7.112,20.0,1.0,30.39093017578125,-1.8481291440146947
3001010312023133,Musha (2),305.4409145382308,817.751993859537,4.674,39.0,1.0,30.31951904296875,-1.9085214788586462
3001010310211310,Kabarore,303.76563348355916,813.0037836469264,8.845,16.0,1.0,30.40191650390625,-1.60653993431162
3001010312321012,Munyaga,300.6129008803577,804.94268659005,1.897,30.0,1.0,30.46783447265625,-2.0292997182390153
3001010132212213,Nyagatare,297.2659655194843,795.3948551267172,5.095,25.0,2.0,30.34149169921875,-1.3045137436059036
3001010132212212,Nyagatare,297.2659655194843,795.3948551267172,9.612,23.0,1.0,30.33599853515625,-1.3045137436059036
3001010312132321,Nyamirama,294.1664977613755,787.5823344190194,2.101,50.0,1.0,30.52825927734375,-1.924991750329447
3001010300312303,Gakenke,276.0941409708774,738.9796075545906,8.122,28.0,1.0,29.82513427734375,-1.6559583737984251
3001010310223131,Muhura,271.83193662361185,727.6251484235114,3.484,249.0,1.0,30.31951904296875,-1.7273383791406465
3001010331000001,Kibungo,264.36850475433226,707.9656528716372,2.664,93.0,4.0,30.59417724609375,-2.1116433785665123
3001010312031302,Gishali,261.70471050232635,700.6311519688207,2.041,151.0,2.0,30.39093017578125,-1.8755804639734492
3001010303022002,Ngamba,256.242064231371,686.0239752725789,8.627,24.0,1.0,29.88555908203125,-1.8975412101454638
3001010302013122,Kibangu,255.85459820213708,684.9269796733671,7.096,397.0,1.0,29.68780517578125,-1.8206773996603365
3001010312323322,Rurenge,255.4795569222809,684.1566670041401,9.061,33.0,4.0,30.47882080078125,-2.106153935077992
3001010303201103,Runda,248.23603633428698,664.6239882568799,9.514,25.0,1.0,29.95697021484375,-1.9414618626730635
3001010310020313,Ngarama,245.9652509570771,658.2540831293283,0.861,63.0,3.0,30.27557373046875,-1.5241732299817308
3001010312023001,Fumbwe,239.12887913472684,640.2036476460115,9.11,24.0,1.0,30.28656005859375,-1.8920510496201348
3001010312320310,Munyaga,236.00067947927448,631.9452881797725,6.092,28.0,2.0,30.44586181640625,-2.0457687912114615
3001010233331201,Ruheru,234.921628799129,629.7019522373324,6.234,30.0,4.0,29.49554443359375,-2.7482741449521066
3001010301303123,Rukomo (1),233.46627330262447,624.877111794049,5.272,15.0,2.0,30.13275146484375,-1.644976603552788
3001010231021230,Gihombo,232.31114335972688,622.2171113944571,3.634,58.0,1.0,29.23736572265625,-2.2324061399778787
3001010300102113,Kinoni,230.81785480161307,617.6795180067058,0.842,30.0,1.0,29.74822998046875,-1.4582775898253504
3001010300301023,Kivuruga,226.5889051286707,606.443350650256,6.417,22.0,1.0,29.75921630859375,-1.601048922122823
3001010300003300,Nyange (2),225.48251965479352,603.4107916730958,0.285,45.0,1.0,29.59991455078125,-1.4747516841452253
3001010310022101,Ngarama,214.0105814211999,572.7455631638295,3.122,28.0,3.0,30.26458740234375,-1.5406468283496928
3001010312221303,Nzige,198.0859425474961,530.4236255829735,6.904,20.0,2.0,30.30853271484375,-2.0512584446928064
3001010312232210,Karenge,193.02409021374228,516.894341445421,4.904,39.0,8.0,30.33599853515625,-2.089685488762439
3001010232003310,Mururu,185.72937213924374,497.6675059632455,9.82,36.0,1.0,28.90777587890625,-2.5287806624403486
3001010312031013,Kiramuruzi,185.4091251478068,496.3615933759242,2.576,30.0,2.0,30.38543701171875,-1.8536194421595367
3001010330311222,Gahara,178.17725573956213,477.2879504343064,0.994,16.0,1.0,30.54473876953125,-2.3257160516209106
3001010312201010,Gahengeri,172.76899536142207,462.566497483778,3.79,19.0,1.0,30.29205322265625,-1.9359718429899049
3001010330130331,Murama (2),171.872348927106,460.3391595056107,8.066,161.0,10.0,30.53924560546875,-2.2324061399778787
3001010310021221,Ngarama,171.7220493509589,459.5662080832275,0.223,62.0,1.0,30.28656005859375,-1.5296644435081856
3001010330030323,Jarama,155.39375270270924,416.20635845655045,3.739,38.0,2.0,30.35247802734375,-2.237895124716351
3001010330012312,Zaza,155.17677826887123,415.5944771844961,3.521,36.0,1.0,30.35797119140625,-2.183004360911295
3001010331000000,Kibungo,147.828906587621,395.8784290997898,3.461,32.0,3.0,30.58868408203125,-2.1116433785665123
3001010312023322,Gahengeri,147.44500158782222,394.76224677155307,7.596,32.0,3.0,30.30303955078125,-1.93048180552525
3001010321031011,Musenyi,137.84518433310376,369.18511891528834,8.199,17.0,4.0,30.03387451171875,-2.1994718028278446
3001010132230313,Nyagatare,133.61399611205465,357.52380496716313,6.163,16.0,1.0,30.36346435546875,-1.3484472784360062
3001010302111100,Rushashi,126.95663172155872,339.84260019857453,8.086,29.0,1.0,29.86358642578125,-1.760282099232341
3001010331000013,Kibungo,125.7445350594243,336.73996731136054,2.394,32.0,1.0,30.60516357421875,-2.1171328026628315
3001010330313322,Gatore,115.43826276620744,309.24684435982385,7.393,28.0,30.0,30.56671142578125,-2.369624477962621
3001010312120121,Muhazi,111.02919210548706,297.2397878476079,6.911,34.0,3.0,30.44036865234375,-1.8591097232781915
3001010132012311,Musheri,103.8441895976386,277.8187623757698,8.271,21.0,1.0,30.36346435546875,-1.123280087758225
3001010313220100,Murama (1),102.05867454275915,273.27778146894764,6.943,23.0,1.0,30.61065673828125,-2.023809989906505
3001010331003030,Rukira,101.44801474955955,271.6921615839198,2.136,18.0,3.0,30.64361572265625,-2.166536738578104
3001010312032213,Musha (2),96.65910946758935,258.78717672418304,9.089,30.0,3.0,30.34149169921875,-1.919501677452845
3001010321121332,Mayange,94.12942030512586,252.11607653091625,6.447,35.0,4.0,30.13824462890625,-2.237895124716351
3001010321321223,Kamabuye,90.91562907752086,243.56890407663883,3.835,85.0,2.0,30.11077880859375,-2.41353151190461
3001010331101002,Mpanga,76.7153717462416,205.44138766666924,6.927,37.0,1.0,30.80841064453125,-2.1171328026628315
3001010310032002,Kabarore,66.02557337330057,176.70177453631317,3.883,31.0,1.0,30.32501220703125,-1.5461379995639422
3001010313202111,Rwinkwavu,45.54610400831245,121.95015638902403,9.01,26.0,1.0,30.62713623046875,-1.979891498344187
3001010321110332,Rilima,30.512246477750114,81.71435024810364,1.189,21.0,1.0,30.18218994140625,-2.1500689371866493
3001010313023220,Rwinkwavu,19.77425677509961,52.942314746417495,0.712,21.0,1.0,30.63262939453125,-1.924991750329447
3001010230221132,Nkombo,0.3375020745931797,0.9041610141278196,7.83,53.0,1.0,28.90777587890625,-2.3915781705923913
