Indicator,Latest year,Latest value,5 years earlier,10 years earlier,Change vs 10 yrs %
Fertilizer use (kg/ha arable land),2023,31.83,14.93,10.48,203.87
Agricultural land (% of land),2023,76.33,79.0,80.26,-4.89
Arable land (% of land),2023,46.98,50.06,51.11,-8.08
Forest area (% of land),2023,11.31,11.11,10.86,4.1
Crop production index (2014-16 = 100),2022,123.19,106.03,116.62,5.63
Food production index (2014-16 = 100),2022,117.31,105.24,112.24,4.52
Cereal yield (kg/ha),2024,1784.0,1443.2,1408.0,26.7
Access to electricity (% of population),2024,72.0,46.6,19.8,263.64
Paved roads (% of roads),2004,19.0,9.9,9.7,95.88
Agriculture value added (% of GDP),2025,20.3,24.19,23.11,-12.15
GDP per capita (US$),2025,1123.74,802.64,725.69,54.85
"Poverty headcount, national line (%)",2023,27.4,,,
Employment in agriculture (% of jobs),2025,35.05,50.14,54.72,-35.94
Population,2025,14569341.0,13065837.0,11640022.0,25.17
Rural population (%),2025,69.09,75.5,81.8,-15.55
Urban population (%),2025,30.91,24.5,18.2,69.9
