crop,year,yield,low,high,last_obs,chg_pct,area_ha,prod_t,rain_z,t_an,dry_m,climate,model
Bananas,2025,12.406,11.16,13.79,12.036,3.067,196682.333,2439971.727,1.277,0.017,0.0,observed,baseline (trend)
Bananas,2026,12.786,11.01,14.849,12.036,6.229,196682.333,2514814.424,0.547,-0.111,0.0,observed,baseline (trend)
Bananas,2027,13.178,10.972,15.828,12.036,9.487,196682.333,2591952.816,0.403,0.563,0.0,forecast,baseline (trend)
"Beans, dry",2025,0.731,0.657,0.812,0.724,0.89,640331.0,467870.408,1.277,0.017,0.0,observed,baseline (trend)
"Beans, dry",2026,0.737,0.635,0.856,0.724,1.789,640331.0,472036.515,0.547,-0.111,0.0,observed,baseline (trend)
"Beans, dry",2027,0.744,0.619,0.893,0.724,2.695,640331.0,476239.718,0.403,0.563,0.0,forecast,baseline (trend)
"Cassava, fresh",2025,14.768,13.286,16.416,13.916,6.123,94078.333,1389382.497,1.277,0.017,0.0,observed,baseline (trend)
"Cassava, fresh",2026,15.673,13.495,18.202,13.916,12.621,94078.333,1474453.34,0.547,-0.111,0.0,observed,baseline (trend)
"Cassava, fresh",2027,16.632,13.848,19.976,13.916,19.516,94078.333,1564733.006,0.403,0.563,0.0,forecast,baseline (trend)
Maize,2025,1.844,1.659,2.05,1.833,0.601,320262.667,590716.844,1.277,0.017,0.0,observed,baseline (trend)
Maize,2026,1.856,1.598,2.155,1.833,1.206,320262.667,594267.209,0.547,-0.111,0.0,observed,baseline (trend)
Maize,2027,1.867,1.554,2.242,1.833,1.814,320262.667,597838.913,0.403,0.563,0.0,forecast,baseline (trend)
Potatoes,2025,7.959,7.16,8.847,7.916,0.544,112867.0,898304.74,1.277,0.017,0.0,observed,baseline (trend)
Potatoes,2026,8.002,6.89,9.293,7.916,1.091,112867.0,903190.684,0.547,-0.111,0.0,observed,baseline (trend)
Potatoes,2027,8.046,6.699,9.664,7.916,1.641,112867.0,908103.202,0.403,0.563,0.0,forecast,baseline (trend)
"Pumpkins, squash and gourds",2025,5.161,4.643,5.737,5.191,-0.585,51801.667,267348.003,1.277,0.017,0.0,observed,baseline (trend)
"Pumpkins, squash and gourds",2026,5.131,4.418,5.959,5.191,-1.168,51801.667,265782.683,0.547,-0.111,0.0,observed,baseline (trend)
"Pumpkins, squash and gourds",2027,5.101,4.247,6.126,5.191,-1.746,51801.667,264226.529,0.403,0.563,0.0,forecast,baseline (trend)
Rice,2025,4.167,3.748,4.631,4.108,1.428,33159.0,138159.142,1.277,0.017,0.0,observed,baseline (trend)
Rice,2026,4.226,3.639,4.908,4.108,2.876,33159.0,140131.865,0.547,-0.111,0.0,observed,baseline (trend)
Rice,2027,4.286,3.569,5.148,4.108,4.345,33159.0,142132.757,0.403,0.563,0.0,forecast,baseline (trend)
Sorghum,2025,1.23,1.107,1.368,1.214,1.384,163991.0,201767.246,1.05,0.073,0.0,observed,baseline (trend)
Sorghum,2026,1.247,1.074,1.449,1.214,2.788,163991.0,204560.398,0.439,-0.113,0.0,observed,baseline (trend)
Sorghum,2027,1.265,1.053,1.519,1.214,4.211,163991.0,207392.218,0.396,0.587,0.0,forecast,baseline (trend)
Sugar cane,2025,20.801,18.713,23.122,21.467,-3.101,7176.0,149270.807,1.277,0.017,0.0,observed,baseline (trend)
Sugar cane,2026,20.156,17.356,23.409,21.467,-6.106,7176.0,144642.105,0.547,-0.111,0.0,observed,baseline (trend)
Sugar cane,2027,19.531,16.262,23.458,21.467,-9.017,7176.0,140156.933,0.403,0.563,0.0,forecast,baseline (trend)
Sweet potatoes,2025,7.874,7.084,8.752,7.78,1.202,182419.0,1436346.521,1.277,0.017,0.0,observed,baseline (trend)
Sweet potatoes,2026,7.969,6.861,9.254,7.78,2.418,182419.0,1453607.305,0.547,-0.111,0.0,observed,baseline (trend)
Sweet potatoes,2027,8.064,6.714,9.686,7.78,3.649,182419.0,1471075.515,0.403,0.563,0.0,forecast,baseline (trend)
Taro,2025,7.122,6.407,7.917,7.068,0.763,28322.667,201717.039,1.277,0.017,0.0,observed,baseline (trend)
Taro,2026,7.176,6.179,8.334,7.068,1.532,28322.667,203256.639,0.547,-0.111,0.0,observed,baseline (trend)
Taro,2027,7.231,6.021,8.685,7.068,2.307,28322.667,204807.989,0.403,0.563,0.0,forecast,baseline (trend)
Tea leaves,2025,4.642,4.176,5.16,4.582,1.316,33760.0,156717.1,1.277,0.017,0.0,observed,baseline (trend)
Tea leaves,2026,4.703,4.05,5.462,4.582,2.65,33760.0,158779.735,0.547,-0.111,0.0,observed,baseline (trend)
Tea leaves,2027,4.765,3.967,5.723,4.582,4.001,33760.0,160869.517,0.403,0.563,0.0,forecast,baseline (trend)
