zone,lon,lat,pop,dev,sector,tiles,name,zone_id,attract,node
36,30.065488676616766,-1.943818512731722,555135.6084783138,360.6666666666667,Jali,210,Jali,0,0.0923331132167782,2121
18,29.29466356918483,-1.6938942997834996,520048.44256366906,97.75,Nyabirasi,714,Nyabirasi,1,0.03527600105709634,66406
12,30.13348277483004,-1.94987138434389,430107.7001675486,324.25,Bumbogo,329,Bumbogo,2,0.08109703075863361,60532
25,29.651783177727204,-1.5153047876350965,370409.7024446977,80.75,Gacaca,725,Gacaca,3,0.02749914497049888,36607
15,30.08517014708836,-2.003861261015591,365767.2651564272,197.5,Gahanga,329,Gahanga,4,0.05227483118255152,76982
5,30.077738096800203,-1.8656955053344846,344370.5140301041,94.75,Nduba,656,Nduba,5,0.029763300337778135,80215
4,30.031239414234634,-1.5430185339230964,343241.7402503219,28.250000000000004,Byumba,1367,Byumba,6,0.015546585933312897,92289
17,29.755771287375435,-2.3106682719476184,334469.2140285029,17.5,Mukingo,1266,Mukingo,7,0.013010133927561833,46618
26,29.837751165705747,-1.6346220967470457,331219.4272117618,16.5,Gakenke,1397,Gakenke,8,0.012706680608900279,67424
6,29.74187606152356,-2.59927046685074,323390.6907351757,47.0,Ruhashya,1045,Ruhashya,9,0.018995624233257107,30020
24,29.02757934696056,-2.6141738326816952,319312.6832622809,21.5,Butare,1070,Butare,10,0.01344299654236544,119529
31,30.223435419101488,-1.983503285147005,300716.9891578966,140.5,Muyumbu,581,Muyumbu,11,0.038311620283153554,77705
1,29.764545257147436,-2.0996781243479523,291336.1850794094,54.66666666666667,Byimana,873,Byimana,12,0.019741942445694407,114805
16,30.381700391698278,-1.649586248752327,282717.6515425446,39.0,Kabarore,1230,Kabarore,13,0.01616096605394217,47275
19,29.533814677311554,-2.708768669607366,279198.1237193671,9.0,Kibeho,1778,Kibeho,14,0.009663914171764832,32999
38,29.872555422412887,-2.4766282453305717,270373.49288165075,8.0,Mamba,1231,Mamba,15,0.009205832074085103,95136
29,29.795417532295183,-1.4173539795784893,266919.68346907606,22.0,Butaro,868,Butaro,16,0.012096435386025218,51818
58,29.62686831456149,-1.7052266628666326,258859.1890292847,8.0,Muzo,1011,Muzo,17,0.008886461211109082,98359
54,29.604136401134866,-2.478871838996051,258264.67808733793,13.0,Cyanika (1),1284,Cyanika (1),18,0.009936543192797792,75315
43,29.974102751144283,-1.9606927450862133,248308.57077583662,97.5,Rugarika,551,Rugarika,19,0.02768545627883812,12012
34,30.278469764225637,-1.8523536448556555,247254.76919927323,42.5,Murambi (3),1011,Murambi (3),20,0.015923936648010586,92211
10,28.9228699545937,-2.4874133543122383,243136.61068934694,91.66666666666666,Giheke,640,Giheke,21,0.02629766840612832,120476
40,30.121006115153282,-1.6948534378990612,241089.18166274135,20.0,Mutete,1191,Mutete,22,0.01095334911579943,96994
47,29.538696771810887,-1.87334203068432,239813.67583391786,1.0,Muhanda,1197,Muhanda,23,0.0068649974947651675,112306
42,29.895080648394842,-2.2060961246627264,238060.17580776263,11.0,Kinazi (2),1079,Kinazi (2),24,0.00894950459570985,55095
33,29.80525930459244,-2.712696670103903,238037.13834229423,5.0,Muganza (1),1057,Muganza (1),25,0.007668979375962267,23892
41,30.216285851192303,-1.383302894637179,237803.5184620976,16.5,Kiyombe,1013,Kiyombe,26,0.010115614768047114,72213
50,29.384838046475114,-1.5999050963914936,237270.4103116434,15.5,Bigogwe,675,Bigogwe,27,0.009887513639253493,124488
30,29.52101929519585,-1.6067206319428013,232100.90066445555,15.0,Rambura,795,Rambura,28,0.009637470385048653,124050
0,30.417332961667974,-1.9485984278488289,231314.35486479904,52.0,Mwulire,695,Mwulire,29,0.017508285824740427,2861
56,29.921588402824828,-1.8125696374109552,226064.26405398065,16.0,Muhondo,1126,Muhondo,30,0.009683347292497015,12195
7,29.358508277088454,-1.9014313265920935,226018.01058720483,13.0,Ruhango (2),970,Ruhango (2),31,0.009042121249477082,85644
53,30.46018547083855,-1.8515192708771944,225960.32795131498,43.75,Rukara,727,Rukara,32,0.015599938253850018,42397
45,29.33646317986358,-2.1530381553319824,225959.4002630714,15.5,Twumba,1128,Twumba,33,0.009573781512095793,13210
14,30.75442218295033,-2.287624394834767,216873.0234435876,13.666666666666668,Nyamugari,995,Nyamugari,34,0.00893067742084477,81970
28,29.86876022024245,-2.0087759430679566,215103.1463045386,41.83333333333333,Musambira,886,Musambira,35,0.014889941364123513,78298
8,30.528648401467194,-2.1361957428569065,213703.79270752613,54.25,Rurenge,980,Rurenge,36,0.01749978111450521,41905
20,29.45211703549581,-2.0624216002100417,211981.56674046005,18.0,Mukura (2),1044,Mukura (2),37,0.009719365952688987,102809
2,29.18865059178958,-2.3263503703838326,209584.73485560724,14.5,Cyato,1002,Cyato,38,0.008906285012385697,82679
44,30.25200931303679,-1.561967866124122,206361.17163820012,34.0,Nyagihanga,1090,Nyagihanga,39,0.012976503681693417,84169
32,29.556887634410728,-2.2574526672570845,202481.88642040436,16.0,Mugano,1422,Mugano,40,0.009029245716541637,61075
21,29.44947320594267,-2.4193401372789975,201605.86516174313,12.0,Buruhukiro,1198,Buruhukiro,41,0.008151690131885339,24628
23,30.579381962858907,-1.9748703754392305,200287.4493138778,37.5,Mwiri,1190,Mwiri,42,0.01355463787729068,41499
51,30.577274618592284,-2.312392798941296,196863.78048393037,27.0,Gahara,1126,Gahara,43,0.011219875079583434,118155
13,29.714648535488813,-1.84907291905694,196050.81898579423,31.0,Rongi,1131,Rongi,44,0.012050583552377285,96463
49,29.65140142435839,-2.03552212811758,192079.42354537314,24.0,Nyarusange,1063,Nyarusange,45,0.010447228829657845,28766
22,30.06436681630347,-2.120366929891281,170487.6451149935,94.16666666666666,Ntarama,602,Ntarama,46,0.024815898703961538,11714
37,29.051429871161414,-2.3981558151488644,168769.34978798247,10.833333333333332,Bushekeri,642,Bushekeri,47,0.00699204088154169,89203
3,29.5932627247937,-1.4562983206155382,168755.31980132128,50.833333333333336,Kinigi,533,Kinigi,48,0.015524226615719495,115428
11,30.056434466169446,-2.315146731287346,162943.1209088975,38.0,Kamabuye,861,Kamabuye,49,0.012625479911757536,26704
46,30.727545564105057,-2.1065947273356582,160340.0197479341,25.0,Mpanga,1454,Mpanga,50,0.009780191170787399,85814
48,30.401131125800358,-1.4155493544486988,156222.08426592828,17.0,Karangazi,1669,Karangazi,51,0.007959457512479557,8317
9,30.321619615501483,-1.2909001669333844,148964.3594967821,24.0,Rwempasha,837,Rwempasha,52,0.009251351476670023,44840
55,30.351029094207288,-2.0781744906204027,145038.51638934494,23.5,Mugesera,713,Mugesera,53,0.009035803651902107,53108
39,30.39730858672434,-2.2223726765482996,138672.36610486265,22.0,Jarama,746,Jarama,54,0.0085392549480127,53276
35,30.411735537183617,-1.1598698431529093,136058.2790504531,10.0,Rwimiyaga,1106,Rwimiyaga,55,0.005906975864691371,30686
59,30.113853060677112,-2.210607134849324,112759.31085110684,63.0,Mayange,454,Mayange,56,0.01656639690113139,19413
27,30.169407260929418,-2.109351384128253,104952.74764550274,37.5,Juru,555,Juru,57,0.010910350707716456,11621
52,30.229411161940753,-2.2534313423838617,102441.58456673348,29.666666666666668,Rweru,764,Rweru,58,0.009169736297911225,20498
57,30.560951813439626,-1.7451188497113326,97801.07210784697,7.0,Murundi (2),1671,Murundi (2),59,0.004205897194610106,40436
